[
  {
    "label": "total_amount",
    "value": "584.00"
  },
  {
    "label": "account_id",
    "value": "15035061557"
  },
  {
    "label": "due_date",
    "value": "2017-09-20"
  },
  {
    "label": "invoice_date",
    "value": "2017-09-09"
  },
  {
    "label": "payment_id",
    "value": "156203003852380000037"
  },
  {
    "label": "invoice_id",
    "value": "156-484121"
  },
  {
    "label": "net_amount",
    "value": "584.00"
  },
  {
    "label": "vat_amount",
    "value": "0.00"
  },
  {
    "label": "supplier_org_id",
    "value": "948942003"
  }
]
