[
  {
    "label": "due_date",
    "value": "2019-11-09"
  },
  {
    "label": "total_amount",
    "value": "1830.00"
  },
  {
    "label": "invoice_date",
    "value": "2019-10-30"
  },
  {
    "label": "net_amount",
    "value": "1620.00"
  },
  {
    "label": "invoice_id",
    "value": "3390201871"
  },
  {
    "label": "supplier_org_id",
    "value": "953149117"
  },
  {
    "label": "account_id",
    "value": "15032460701"
  },
  {
    "label": "vat_amount",
    "value": "210.00"
  },
  {
    "label": "payment_id",
    "value": "9183457833902018719"
  }
]
