[
  {
    "label": "vat_amount",
    "value": "2500.00"
  },
  {
    "label": "account_id",
    "value": "86017337612"
  },
  {
    "label": "total_amount",
    "value": "12500.00"
  },
  {
    "label": "net_amount",
    "value": "10000.00"
  },
  {
    "label": "invoice_id",
    "value": "100005"
  },
  {
    "label": "due_date",
    "value": "2018-01-30"
  },
  {
    "label": "supplier_org_id",
    "value": "918345787"
  },
  {
    "label": "invoice_date",
    "value": "2018-01-30"
  },
  {
    "label": "payment_id",
    "value": null
  }
]
