[
  {
    "label": "invoice_date",
    "value": "2018-11-12"
  },
  {
    "label": "due_date",
    "value": "2018-11-26"
  },
  {
    "label": "supplier_org_id",
    "value": "912672808"
  },
  {
    "label": "payment_id",
    "value": "13347816278490465"
  },
  {
    "label": "invoice_id",
    "value": "27849046"
  },
  {
    "label": "account_id",
    "value": "15060839511"
  },
  {
    "label": "total_amount",
    "value": "312.50"
  },
  {
    "label": "net_amount",
    "value": "250.00"
  },
  {
    "label": "vat_amount",
    "value": "62.50"
  }
]
