[
  {
    "label": "total_amount",
    "value": "56.98"
  },
  {
    "label": "currency",
    "value": "DKK"
  },
  {
    "label": "due_date",
    "value": "2026-02-16"
  },
  {
    "label": "invoice_date",
    "value": "2026-01-04"
  },
  {
    "label": "account_id",
    "value": "7113314652"
  },
  {
    "label": "invoice_id",
    "value": "1629"
  },
  {
    "label": "net_amount",
    "value": "54.27"
  },
  {
    "label": "vat_amount",
    "value": "2.71"
  },
  {
    "label": "payment_id",
    "value": "6621666027"
  },
  {
    "label": "supplier_org_id",
    "value": "5811883342"
  }
]