[
  {
    "label": "total_amount",
    "value": "62.18"
  },
  {
    "label": "currency",
    "value": "DKK"
  },
  {
    "label": "due_date",
    "value": "2024-08-02"
  },
  {
    "label": "invoice_date",
    "value": "2024-06-17"
  },
  {
    "label": "account_id",
    "value": "2067032033"
  },
  {
    "label": "invoice_id",
    "value": "25"
  },
  {
    "label": "net_amount",
    "value": "51.82"
  },
  {
    "label": "vat_amount",
    "value": "10.36"
  },
  {
    "label": "payment_id",
    "value": "8021327220"
  },
  {
    "label": "supplier_org_id",
    "value": "7154186470"
  }
]