[
  {
    "label": "total_amount",
    "value": "68.77"
  },
  {
    "label": "currency",
    "value": "NOK"
  },
  {
    "label": "due_date",
    "value": "2024-07-21"
  },
  {
    "label": "invoice_date",
    "value": "2024-06-01"
  },
  {
    "label": "account_id",
    "value": "2932787430"
  },
  {
    "label": "invoice_id",
    "value": "221"
  },
  {
    "label": "net_amount",
    "value": "59.80"
  },
  {
    "label": "vat_amount",
    "value": "8.97"
  },
  {
    "label": "payment_id",
    "value": "5839883249"
  },
  {
    "label": "supplier_org_id",
    "value": "7727219427"
  }
]