[
  {
    "label": "total_amount",
    "value": "409.58"
  },
  {
    "label": "currency",
    "value": "EUR"
  },
  {
    "label": "due_date",
    "value": "2027-01-19"
  },
  {
    "label": "invoice_date",
    "value": "2026-12-25"
  },
  {
    "label": "account_id",
    "value": "1103188035"
  },
  {
    "label": "invoice_id",
    "value": "3299"
  },
  {
    "label": "net_amount",
    "value": "356.16"
  },
  {
    "label": "vat_amount",
    "value": "53.42"
  },
  {
    "label": "payment_id",
    "value": "1794677939"
  },
  {
    "label": "supplier_org_id",
    "value": "6498806722"
  }
]