[
  {
    "label": "total_amount",
    "value": "122.13"
  },
  {
    "label": "currency",
    "value": "PLN"
  },
  {
    "label": "due_date",
    "value": "2027-11-05"
  },
  {
    "label": "invoice_date",
    "value": "2027-10-14"
  },
  {
    "label": "account_id",
    "value": "7532711843"
  },
  {
    "label": "invoice_id",
    "value": "279"
  },
  {
    "label": "net_amount",
    "value": "106.20"
  },
  {
    "label": "vat_amount",
    "value": "15.93"
  },
  {
    "label": "payment_id",
    "value": "8054526461"
  },
  {
    "label": "supplier_org_id",
    "value": "5309690723"
  }
]