[
  {
    "label": "total_amount",
    "value": "31.53"
  },
  {
    "label": "currency",
    "value": "DKK"
  },
  {
    "label": "due_date",
    "value": "2025-06-12"
  },
  {
    "label": "invoice_date",
    "value": "2025-05-27"
  },
  {
    "label": "account_id",
    "value": "3948754396"
  },
  {
    "label": "invoice_id",
    "value": "3333"
  },
  {
    "label": "net_amount",
    "value": "27.42"
  },
  {
    "label": "vat_amount",
    "value": "4.11"
  },
  {
    "label": "payment_id",
    "value": "2732518731"
  },
  {
    "label": "supplier_org_id",
    "value": "7791457505"
  }
]