[
  {
    "label": "total_amount",
    "value": "396.98"
  },
  {
    "label": "currency",
    "value": "PLN"
  },
  {
    "label": "due_date",
    "value": "2023-02-14"
  },
  {
    "label": "invoice_date",
    "value": "2023-01-01"
  },
  {
    "label": "account_id",
    "value": "8144376654"
  },
  {
    "label": "invoice_id",
    "value": "565"
  },
  {
    "label": "net_amount",
    "value": "378.08"
  },
  {
    "label": "vat_amount",
    "value": "18.90"
  },
  {
    "label": "payment_id",
    "value": "2668932848"
  },
  {
    "label": "supplier_org_id",
    "value": "6472344751"
  }
]