[
  {
    "label": "total_amount",
    "value": "14.39"
  },
  {
    "label": "currency",
    "value": "DKK"
  },
  {
    "label": "due_date",
    "value": "2022-11-12"
  },
  {
    "label": "invoice_date",
    "value": "2022-10-24"
  },
  {
    "label": "account_id",
    "value": "5356015684"
  },
  {
    "label": "invoice_id",
    "value": "4322"
  },
  {
    "label": "net_amount",
    "value": "11.51"
  },
  {
    "label": "vat_amount",
    "value": "2.88"
  },
  {
    "label": "payment_id",
    "value": "8964887091"
  },
  {
    "label": "supplier_org_id",
    "value": "2278455554"
  }
]