[
  {
    "label": "total_amount",
    "value": "43.20"
  },
  {
    "label": "currency",
    "value": "PLN"
  },
  {
    "label": "due_date",
    "value": "2027-10-16"
  },
  {
    "label": "invoice_date",
    "value": "2027-08-28"
  },
  {
    "label": "account_id",
    "value": "7953803562"
  },
  {
    "label": "invoice_id",
    "value": "5517"
  },
  {
    "label": "net_amount",
    "value": "36.00"
  },
  {
    "label": "vat_amount",
    "value": "7.20"
  },
  {
    "label": "payment_id",
    "value": "8705506624"
  },
  {
    "label": "supplier_org_id",
    "value": "6489286128"
  }
]