[
  {
    "label": "total_amount",
    "value": "96.47"
  },
  {
    "label": "currency",
    "value": "EUR"
  },
  {
    "label": "due_date",
    "value": "2026-02-08"
  },
  {
    "label": "invoice_date",
    "value": "2025-12-28"
  },
  {
    "label": "account_id",
    "value": "7541280919"
  },
  {
    "label": "invoice_id",
    "value": "9420"
  },
  {
    "label": "net_amount",
    "value": "91.88"
  },
  {
    "label": "vat_amount",
    "value": "4.59"
  },
  {
    "label": "payment_id",
    "value": "5040054395"
  },
  {
    "label": "supplier_org_id",
    "value": "4869407541"
  }
]