[
  {
    "label": "total_amount",
    "value": "109.15"
  },
  {
    "label": "currency",
    "value": "EUR"
  },
  {
    "label": "due_date",
    "value": "2024-06-04"
  },
  {
    "label": "invoice_date",
    "value": "2024-05-06"
  },
  {
    "label": "account_id",
    "value": "1699928217"
  },
  {
    "label": "invoice_id",
    "value": "2014"
  },
  {
    "label": "net_amount",
    "value": "90.96"
  },
  {
    "label": "vat_amount",
    "value": "18.19"
  },
  {
    "label": "payment_id",
    "value": "4152485635"
  },
  {
    "label": "supplier_org_id",
    "value": "6244810831"
  }
]