[
  {
    "label": "total_amount",
    "value": "112.51"
  },
  {
    "label": "currency",
    "value": "DKK"
  },
  {
    "label": "due_date",
    "value": "2024-05-02"
  },
  {
    "label": "invoice_date",
    "value": "2024-04-17"
  },
  {
    "label": "account_id",
    "value": "4750239284"
  },
  {
    "label": "invoice_id",
    "value": "7293"
  },
  {
    "label": "net_amount",
    "value": "96.16"
  },
  {
    "label": "vat_amount",
    "value": "16.35"
  },
  {
    "label": "payment_id",
    "value": "9122244499"
  },
  {
    "label": "supplier_org_id",
    "value": "7656124284"
  }
]