[
  {
    "label": "total_amount",
    "value": "160.49"
  },
  {
    "label": "currency",
    "value": "EUR"
  },
  {
    "label": "due_date",
    "value": "2026-06-08"
  },
  {
    "label": "invoice_date",
    "value": "2026-04-28"
  },
  {
    "label": "account_id",
    "value": "7217056269"
  },
  {
    "label": "invoice_id",
    "value": "2874"
  },
  {
    "label": "net_amount",
    "value": "139.56"
  },
  {
    "label": "vat_amount",
    "value": "20.93"
  },
  {
    "label": "payment_id",
    "value": "1508115026"
  },
  {
    "label": "supplier_org_id",
    "value": "6453513557"
  }
]