[
  {
    "label": "total_amount",
    "value": "272.75"
  },
  {
    "label": "currency",
    "value": "USD"
  },
  {
    "label": "due_date",
    "value": "2024-10-10"
  },
  {
    "label": "invoice_date",
    "value": "2024-08-25"
  },
  {
    "label": "account_id",
    "value": "1018732197"
  },
  {
    "label": "invoice_id",
    "value": "7805"
  },
  {
    "label": "net_amount",
    "value": "259.76"
  },
  {
    "label": "vat_amount",
    "value": "12.99"
  },
  {
    "label": "payment_id",
    "value": "9368290400"
  },
  {
    "label": "supplier_org_id",
    "value": "1236063266"
  }
]