[
  {
    "label": "total_amount",
    "value": "407.06"
  },
  {
    "label": "currency",
    "value": "USD"
  },
  {
    "label": "due_date",
    "value": "2023-03-15"
  },
  {
    "label": "invoice_date",
    "value": "2023-02-18"
  },
  {
    "label": "account_id",
    "value": "3864686243"
  },
  {
    "label": "invoice_id",
    "value": "8668"
  },
  {
    "label": "net_amount",
    "value": "370.05"
  },
  {
    "label": "vat_amount",
    "value": "37.01"
  },
  {
    "label": "payment_id",
    "value": "6890051194"
  },
  {
    "label": "supplier_org_id",
    "value": "8163342091"
  }
]