[
  {
    "label": "total_amount",
    "value": "136.98"
  },
  {
    "label": "currency",
    "value": "NOK"
  },
  {
    "label": "due_date",
    "value": "2025-04-06"
  },
  {
    "label": "invoice_date",
    "value": "2025-03-17"
  },
  {
    "label": "account_id",
    "value": "8218039891"
  },
  {
    "label": "invoice_id",
    "value": "6460"
  },
  {
    "label": "net_amount",
    "value": "114.15"
  },
  {
    "label": "vat_amount",
    "value": "22.83"
  },
  {
    "label": "payment_id",
    "value": "9717850367"
  },
  {
    "label": "supplier_org_id",
    "value": "6116737904"
  }
]