[
  {
    "label": "total_amount",
    "value": "210.01"
  },
  {
    "label": "currency",
    "value": "DKK"
  },
  {
    "label": "due_date",
    "value": "2022-11-17"
  },
  {
    "label": "invoice_date",
    "value": "2022-11-03"
  },
  {
    "label": "account_id",
    "value": "2884728878"
  },
  {
    "label": "invoice_id",
    "value": "9116"
  },
  {
    "label": "net_amount",
    "value": "190.92"
  },
  {
    "label": "vat_amount",
    "value": "19.09"
  },
  {
    "label": "payment_id",
    "value": "1189559216"
  },
  {
    "label": "supplier_org_id",
    "value": "6755886201"
  }
]