[
  {
    "label": "total_amount",
    "value": "212.89"
  },
  {
    "label": "currency",
    "value": "NOK"
  },
  {
    "label": "due_date",
    "value": "2024-04-27"
  },
  {
    "label": "invoice_date",
    "value": "2024-03-11"
  },
  {
    "label": "account_id",
    "value": "1941584434"
  },
  {
    "label": "invoice_id",
    "value": "6800"
  },
  {
    "label": "net_amount",
    "value": "181.96"
  },
  {
    "label": "vat_amount",
    "value": "30.93"
  },
  {
    "label": "payment_id",
    "value": "7116629846"
  },
  {
    "label": "supplier_org_id",
    "value": "3113875270"
  }
]