[
  {
    "label": "total_amount",
    "value": "97.30"
  },
  {
    "label": "currency",
    "value": "PLN"
  },
  {
    "label": "due_date",
    "value": "2023-01-24"
  },
  {
    "label": "invoice_date",
    "value": "2022-12-09"
  },
  {
    "label": "account_id",
    "value": "7994063488"
  },
  {
    "label": "invoice_id",
    "value": "8317"
  },
  {
    "label": "net_amount",
    "value": "84.61"
  },
  {
    "label": "vat_amount",
    "value": "12.69"
  },
  {
    "label": "payment_id",
    "value": "5630796639"
  },
  {
    "label": "supplier_org_id",
    "value": "7350805756"
  }
]