[
  {
    "label": "total_amount",
    "value": "341.46"
  },
  {
    "label": "currency",
    "value": "EUR"
  },
  {
    "label": "due_date",
    "value": "2024-10-22"
  },
  {
    "label": "invoice_date",
    "value": "2024-09-16"
  },
  {
    "label": "account_id",
    "value": "6493248057"
  },
  {
    "label": "invoice_id",
    "value": "4889"
  },
  {
    "label": "net_amount",
    "value": "291.85"
  },
  {
    "label": "vat_amount",
    "value": "49.61"
  },
  {
    "label": "payment_id",
    "value": "295472669"
  },
  {
    "label": "supplier_org_id",
    "value": "9532797864"
  }
]