[
  {
    "label": "total_amount",
    "value": "68.77"
  },
  {
    "label": "currency",
    "value": "DKK"
  },
  {
    "label": "due_date",
    "value": "2024-01-26"
  },
  {
    "label": "invoice_date",
    "value": "2023-12-17"
  },
  {
    "label": "account_id",
    "value": "9695080246"
  },
  {
    "label": "invoice_id",
    "value": "199"
  },
  {
    "label": "net_amount",
    "value": "59.80"
  },
  {
    "label": "vat_amount",
    "value": "8.97"
  },
  {
    "label": "payment_id",
    "value": "1658736920"
  },
  {
    "label": "supplier_org_id",
    "value": "9858427637"
  }
]