[
  {
    "label": "total_amount",
    "value": "223.28"
  },
  {
    "label": "currency",
    "value": "USD"
  },
  {
    "label": "due_date",
    "value": "2028-01-06"
  },
  {
    "label": "invoice_date",
    "value": "2027-11-28"
  },
  {
    "label": "account_id",
    "value": "5295798743"
  },
  {
    "label": "invoice_id",
    "value": "8010"
  },
  {
    "label": "net_amount",
    "value": "190.84"
  },
  {
    "label": "vat_amount",
    "value": "32.44"
  },
  {
    "label": "payment_id",
    "value": "3728239949"
  },
  {
    "label": "supplier_org_id",
    "value": "1716573779"
  }
]