[
  {
    "label": "total_amount",
    "value": "449.88"
  },
  {
    "label": "currency",
    "value": "PLN"
  },
  {
    "label": "due_date",
    "value": "2026-12-01"
  },
  {
    "label": "invoice_date",
    "value": "2026-11-10"
  },
  {
    "label": "account_id",
    "value": "6608565338"
  },
  {
    "label": "invoice_id",
    "value": "4783"
  },
  {
    "label": "net_amount",
    "value": "391.20"
  },
  {
    "label": "vat_amount",
    "value": "58.68"
  },
  {
    "label": "payment_id",
    "value": "7923027350"
  },
  {
    "label": "supplier_org_id",
    "value": "5101635854"
  }
]