[
  {
    "label": "total_amount",
    "value": "174.04"
  },
  {
    "label": "currency",
    "value": "DKK"
  },
  {
    "label": "due_date",
    "value": "2023-09-25"
  },
  {
    "label": "invoice_date",
    "value": "2023-08-16"
  },
  {
    "label": "account_id",
    "value": "7765770314"
  },
  {
    "label": "invoice_id",
    "value": "2178"
  },
  {
    "label": "net_amount",
    "value": "158.22"
  },
  {
    "label": "vat_amount",
    "value": "15.82"
  },
  {
    "label": "payment_id",
    "value": "4835407720"
  },
  {
    "label": "supplier_org_id",
    "value": "4046128312"
  }
]