[
  {
    "label": "total_amount",
    "value": "277.09"
  },
  {
    "label": "currency",
    "value": "PLN"
  },
  {
    "label": "due_date",
    "value": "2023-01-06"
  },
  {
    "label": "invoice_date",
    "value": "2022-11-22"
  },
  {
    "label": "account_id",
    "value": "5498410455"
  },
  {
    "label": "invoice_id",
    "value": "720"
  },
  {
    "label": "net_amount",
    "value": "263.90"
  },
  {
    "label": "vat_amount",
    "value": "13.20"
  },
  {
    "label": "payment_id",
    "value": "3079328187"
  },
  {
    "label": "supplier_org_id",
    "value": "8242488934"
  }
]