[
  {
    "label": "total_amount",
    "value": "12.87"
  },
  {
    "label": "currency",
    "value": "USD"
  },
  {
    "label": "due_date",
    "value": "2026-02-23"
  },
  {
    "label": "invoice_date",
    "value": "2026-01-30"
  },
  {
    "label": "account_id",
    "value": "6329363320"
  },
  {
    "label": "invoice_id",
    "value": "8851"
  },
  {
    "label": "net_amount",
    "value": "11.19"
  },
  {
    "label": "vat_amount",
    "value": "1.68"
  },
  {
    "label": "payment_id",
    "value": "5933030691"
  },
  {
    "label": "supplier_org_id",
    "value": "4114715954"
  }
]