[
  {
    "label": "total_amount",
    "value": "88.51"
  },
  {
    "label": "currency",
    "value": "SEK"
  },
  {
    "label": "due_date",
    "value": "2023-05-16"
  },
  {
    "label": "invoice_date",
    "value": "2023-03-30"
  },
  {
    "label": "account_id",
    "value": "3315018258"
  },
  {
    "label": "invoice_id",
    "value": "7093"
  },
  {
    "label": "net_amount",
    "value": "75.65"
  },
  {
    "label": "vat_amount",
    "value": "12.86"
  },
  {
    "label": "payment_id",
    "value": "9501280704"
  },
  {
    "label": "supplier_org_id",
    "value": "9507597748"
  }
]