[
  {
    "label": "total_amount",
    "value": "201.76"
  },
  {
    "label": "currency",
    "value": "SEK"
  },
  {
    "label": "due_date",
    "value": "2027-11-13"
  },
  {
    "label": "invoice_date",
    "value": "2027-09-27"
  },
  {
    "label": "account_id",
    "value": "3274268360"
  },
  {
    "label": "invoice_id",
    "value": "3147"
  },
  {
    "label": "net_amount",
    "value": "192.15"
  },
  {
    "label": "vat_amount",
    "value": "9.61"
  },
  {
    "label": "payment_id",
    "value": "6788205722"
  },
  {
    "label": "supplier_org_id",
    "value": "4266642880"
  }
]