[
  {
    "label": "total_amount",
    "value": "68.17"
  },
  {
    "label": "currency",
    "value": "USD"
  },
  {
    "label": "due_date",
    "value": "2026-08-24"
  },
  {
    "label": "invoice_date",
    "value": "2026-07-24"
  },
  {
    "label": "account_id",
    "value": "2957929781"
  },
  {
    "label": "invoice_id",
    "value": "6818"
  },
  {
    "label": "net_amount",
    "value": "54.54"
  },
  {
    "label": "vat_amount",
    "value": "13.63"
  },
  {
    "label": "payment_id",
    "value": "429327782"
  },
  {
    "label": "supplier_org_id",
    "value": "8273611654"
  }
]