[
  {
    "label": "total_amount",
    "value": "315.09"
  },
  {
    "label": "currency",
    "value": "NOK"
  },
  {
    "label": "due_date",
    "value": "2024-02-18"
  },
  {
    "label": "invoice_date",
    "value": "2024-01-09"
  },
  {
    "label": "account_id",
    "value": "5687848944"
  },
  {
    "label": "invoice_id",
    "value": "1373"
  },
  {
    "label": "net_amount",
    "value": "273.99"
  },
  {
    "label": "vat_amount",
    "value": "41.10"
  },
  {
    "label": "payment_id",
    "value": "3042707907"
  },
  {
    "label": "supplier_org_id",
    "value": "5850094644"
  }
]