[
  {
    "label": "total_amount",
    "value": "154.01"
  },
  {
    "label": "currency",
    "value": "USD"
  },
  {
    "label": "due_date",
    "value": "2025-09-05"
  },
  {
    "label": "invoice_date",
    "value": "2025-07-28"
  },
  {
    "label": "account_id",
    "value": "6285117369"
  },
  {
    "label": "invoice_id",
    "value": "5348"
  },
  {
    "label": "net_amount",
    "value": "133.92"
  },
  {
    "label": "vat_amount",
    "value": "20.09"
  },
  {
    "label": "payment_id",
    "value": "9371786011"
  },
  {
    "label": "supplier_org_id",
    "value": "2453431789"
  }
]