[
  {
    "label": "total_amount",
    "value": "63.25"
  },
  {
    "label": "currency",
    "value": "EUR"
  },
  {
    "label": "due_date",
    "value": "2023-05-26"
  },
  {
    "label": "invoice_date",
    "value": "2023-04-22"
  },
  {
    "label": "account_id",
    "value": "7168997351"
  },
  {
    "label": "invoice_id",
    "value": "8068"
  },
  {
    "label": "net_amount",
    "value": "55.00"
  },
  {
    "label": "vat_amount",
    "value": "8.25"
  },
  {
    "label": "payment_id",
    "value": "9824308561"
  },
  {
    "label": "supplier_org_id",
    "value": "5550817476"
  }
]