[
  {
    "label": "total_amount",
    "value": "85.29"
  },
  {
    "label": "currency",
    "value": "PLN"
  },
  {
    "label": "due_date",
    "value": "2023-07-21"
  },
  {
    "label": "invoice_date",
    "value": "2023-07-06"
  },
  {
    "label": "account_id",
    "value": "7116780264"
  },
  {
    "label": "invoice_id",
    "value": "2798"
  },
  {
    "label": "net_amount",
    "value": "77.54"
  },
  {
    "label": "vat_amount",
    "value": "7.75"
  },
  {
    "label": "payment_id",
    "value": "1588095291"
  },
  {
    "label": "supplier_org_id",
    "value": "7723697760"
  }
]