[
  {
    "label": "total_amount",
    "value": "19.64"
  },
  {
    "label": "currency",
    "value": "DKK"
  },
  {
    "label": "due_date",
    "value": "2025-05-17"
  },
  {
    "label": "invoice_date",
    "value": "2025-05-03"
  },
  {
    "label": "account_id",
    "value": "3619479316"
  },
  {
    "label": "invoice_id",
    "value": "6677"
  },
  {
    "label": "net_amount",
    "value": "17.08"
  },
  {
    "label": "vat_amount",
    "value": "2.56"
  },
  {
    "label": "payment_id",
    "value": "7781506852"
  },
  {
    "label": "supplier_org_id",
    "value": "1137857343"
  }
]