[
  {
    "label": "total_amount",
    "value": "183.17"
  },
  {
    "label": "currency",
    "value": "DKK"
  },
  {
    "label": "due_date",
    "value": "2027-11-18"
  },
  {
    "label": "invoice_date",
    "value": "2027-10-05"
  },
  {
    "label": "account_id",
    "value": "3577323229"
  },
  {
    "label": "invoice_id",
    "value": "2327"
  },
  {
    "label": "net_amount",
    "value": "159.28"
  },
  {
    "label": "vat_amount",
    "value": "23.89"
  },
  {
    "label": "payment_id",
    "value": "300107395"
  },
  {
    "label": "supplier_org_id",
    "value": "1000561310"
  }
]