[
  {
    "label": "total_amount",
    "value": "244.10"
  },
  {
    "label": "currency",
    "value": "DKK"
  },
  {
    "label": "due_date",
    "value": "2023-07-01"
  },
  {
    "label": "invoice_date",
    "value": "2023-05-29"
  },
  {
    "label": "account_id",
    "value": "5120175354"
  },
  {
    "label": "invoice_id",
    "value": "6732"
  },
  {
    "label": "net_amount",
    "value": "221.91"
  },
  {
    "label": "vat_amount",
    "value": "22.19"
  },
  {
    "label": "payment_id",
    "value": "9370349830"
  },
  {
    "label": "supplier_org_id",
    "value": "3914373056"
  }
]