[
  {
    "label": "total_amount",
    "value": "397.68"
  },
  {
    "label": "currency",
    "value": "EUR"
  },
  {
    "label": "due_date",
    "value": "2026-01-20"
  },
  {
    "label": "invoice_date",
    "value": "2025-12-22"
  },
  {
    "label": "account_id",
    "value": "4228102220"
  },
  {
    "label": "invoice_id",
    "value": "8402"
  },
  {
    "label": "net_amount",
    "value": "339.90"
  },
  {
    "label": "vat_amount",
    "value": "57.78"
  },
  {
    "label": "payment_id",
    "value": "8633320225"
  },
  {
    "label": "supplier_org_id",
    "value": "6363411140"
  }
]