[
  {
    "label": "total_amount",
    "value": "43.16"
  },
  {
    "label": "currency",
    "value": "PLN"
  },
  {
    "label": "due_date",
    "value": "2025-03-09"
  },
  {
    "label": "invoice_date",
    "value": "2025-02-07"
  },
  {
    "label": "account_id",
    "value": "3204551584"
  },
  {
    "label": "invoice_id",
    "value": "9430"
  },
  {
    "label": "net_amount",
    "value": "35.97"
  },
  {
    "label": "vat_amount",
    "value": "7.19"
  },
  {
    "label": "payment_id",
    "value": "6730579590"
  },
  {
    "label": "supplier_org_id",
    "value": "1076803854"
  }
]