[
  {
    "label": "total_amount",
    "value": "168.68"
  },
  {
    "label": "currency",
    "value": "PLN"
  },
  {
    "label": "due_date",
    "value": "2023-08-12"
  },
  {
    "label": "invoice_date",
    "value": "2023-07-29"
  },
  {
    "label": "account_id",
    "value": "1802069160"
  },
  {
    "label": "invoice_id",
    "value": "1203"
  },
  {
    "label": "net_amount",
    "value": "146.68"
  },
  {
    "label": "vat_amount",
    "value": "22.00"
  },
  {
    "label": "payment_id",
    "value": "5078933785"
  },
  {
    "label": "supplier_org_id",
    "value": "2180910858"
  }
]