[
  {
    "label": "total_amount",
    "value": "222.96"
  },
  {
    "label": "currency",
    "value": "USD"
  },
  {
    "label": "due_date",
    "value": "2023-08-02"
  },
  {
    "label": "invoice_date",
    "value": "2023-06-17"
  },
  {
    "label": "account_id",
    "value": "7266746962"
  },
  {
    "label": "invoice_id",
    "value": "2822"
  },
  {
    "label": "net_amount",
    "value": "185.80"
  },
  {
    "label": "vat_amount",
    "value": "37.16"
  },
  {
    "label": "payment_id",
    "value": "4265366756"
  },
  {
    "label": "supplier_org_id",
    "value": "1966130680"
  }
]