[
  {
    "label": "total_amount",
    "value": "191.10"
  },
  {
    "label": "currency",
    "value": "PLN"
  },
  {
    "label": "due_date",
    "value": "2026-09-06"
  },
  {
    "label": "invoice_date",
    "value": "2026-08-16"
  },
  {
    "label": "account_id",
    "value": "6066256262"
  },
  {
    "label": "invoice_id",
    "value": "8390"
  },
  {
    "label": "net_amount",
    "value": "182.00"
  },
  {
    "label": "vat_amount",
    "value": "9.10"
  },
  {
    "label": "payment_id",
    "value": "4837850787"
  },
  {
    "label": "supplier_org_id",
    "value": "8519589900"
  }
]