[
  {
    "label": "total_amount",
    "value": "381.06"
  },
  {
    "label": "currency",
    "value": "USD"
  },
  {
    "label": "due_date",
    "value": "2023-01-11"
  },
  {
    "label": "invoice_date",
    "value": "2022-11-22"
  },
  {
    "label": "account_id",
    "value": "7566313055"
  },
  {
    "label": "invoice_id",
    "value": "7040"
  },
  {
    "label": "net_amount",
    "value": "331.36"
  },
  {
    "label": "vat_amount",
    "value": "49.70"
  },
  {
    "label": "payment_id",
    "value": "9467449166"
  },
  {
    "label": "supplier_org_id",
    "value": "4314196788"
  }
]