[
  {
    "label": "total_amount",
    "value": "534.86"
  },
  {
    "label": "currency",
    "value": "SEK"
  },
  {
    "label": "due_date",
    "value": "2026-03-26"
  },
  {
    "label": "invoice_date",
    "value": "2026-02-21"
  },
  {
    "label": "account_id",
    "value": "4656055743"
  },
  {
    "label": "invoice_id",
    "value": "5324"
  },
  {
    "label": "net_amount",
    "value": "465.10"
  },
  {
    "label": "vat_amount",
    "value": "69.76"
  },
  {
    "label": "payment_id",
    "value": "7387815507"
  },
  {
    "label": "supplier_org_id",
    "value": "3417484771"
  }
]