[
  {
    "label": "total_amount",
    "value": "12.79"
  },
  {
    "label": "currency",
    "value": "EUR"
  },
  {
    "label": "due_date",
    "value": "2024-02-01"
  },
  {
    "label": "invoice_date",
    "value": "2024-01-10"
  },
  {
    "label": "account_id",
    "value": "4976403062"
  },
  {
    "label": "invoice_id",
    "value": "3272"
  },
  {
    "label": "net_amount",
    "value": "11.12"
  },
  {
    "label": "vat_amount",
    "value": "1.67"
  },
  {
    "label": "payment_id",
    "value": "7740574734"
  },
  {
    "label": "supplier_org_id",
    "value": "3199709795"
  }
]