[
  {
    "label": "total_amount",
    "value": "24.95"
  },
  {
    "label": "currency",
    "value": "PLN"
  },
  {
    "label": "due_date",
    "value": "2025-05-09"
  },
  {
    "label": "invoice_date",
    "value": "2025-04-21"
  },
  {
    "label": "account_id",
    "value": "4134598647"
  },
  {
    "label": "invoice_id",
    "value": "8181"
  },
  {
    "label": "net_amount",
    "value": "21.70"
  },
  {
    "label": "vat_amount",
    "value": "3.25"
  },
  {
    "label": "payment_id",
    "value": "613340949"
  },
  {
    "label": "supplier_org_id",
    "value": "6354821850"
  }
]