[
  {
    "label": "total_amount",
    "value": "30.89"
  },
  {
    "label": "currency",
    "value": "EUR"
  },
  {
    "label": "due_date",
    "value": "2026-07-03"
  },
  {
    "label": "invoice_date",
    "value": "2026-05-24"
  },
  {
    "label": "account_id",
    "value": "1124286484"
  },
  {
    "label": "invoice_id",
    "value": "9450"
  },
  {
    "label": "net_amount",
    "value": "28.08"
  },
  {
    "label": "vat_amount",
    "value": "2.81"
  },
  {
    "label": "payment_id",
    "value": "645165962"
  },
  {
    "label": "supplier_org_id",
    "value": "1364820807"
  }
]