[
  {
    "label": "total_amount",
    "value": "186.34"
  },
  {
    "label": "currency",
    "value": "NOK"
  },
  {
    "label": "due_date",
    "value": "2023-07-19"
  },
  {
    "label": "invoice_date",
    "value": "2023-06-17"
  },
  {
    "label": "account_id",
    "value": "3712172971"
  },
  {
    "label": "invoice_id",
    "value": "5477"
  },
  {
    "label": "net_amount",
    "value": "169.40"
  },
  {
    "label": "vat_amount",
    "value": "16.94"
  },
  {
    "label": "payment_id",
    "value": "4669250460"
  },
  {
    "label": "supplier_org_id",
    "value": "5274512703"
  }
]