[
  {
    "label": "total_amount",
    "value": "43.57"
  },
  {
    "label": "currency",
    "value": "DKK"
  },
  {
    "label": "due_date",
    "value": "2023-05-22"
  },
  {
    "label": "invoice_date",
    "value": "2023-04-15"
  },
  {
    "label": "account_id",
    "value": "2906592497"
  },
  {
    "label": "invoice_id",
    "value": "8868"
  },
  {
    "label": "net_amount",
    "value": "39.61"
  },
  {
    "label": "vat_amount",
    "value": "3.96"
  },
  {
    "label": "payment_id",
    "value": "4777923987"
  },
  {
    "label": "supplier_org_id",
    "value": "2686973216"
  }
]