[
  {
    "label": "total_amount",
    "value": "329.57"
  },
  {
    "label": "currency",
    "value": "PLN"
  },
  {
    "label": "due_date",
    "value": "2023-04-20"
  },
  {
    "label": "invoice_date",
    "value": "2023-03-11"
  },
  {
    "label": "account_id",
    "value": "8274765829"
  },
  {
    "label": "invoice_id",
    "value": "7914"
  },
  {
    "label": "net_amount",
    "value": "274.64"
  },
  {
    "label": "vat_amount",
    "value": "54.93"
  },
  {
    "label": "payment_id",
    "value": "1054311430"
  },
  {
    "label": "supplier_org_id",
    "value": "9299872302"
  }
]