[
  {
    "label": "total_amount",
    "value": "139.72"
  },
  {
    "label": "currency",
    "value": "EUR"
  },
  {
    "label": "due_date",
    "value": "2027-02-16"
  },
  {
    "label": "invoice_date",
    "value": "2027-01-29"
  },
  {
    "label": "account_id",
    "value": "3598304161"
  },
  {
    "label": "invoice_id",
    "value": "3604"
  },
  {
    "label": "net_amount",
    "value": "121.50"
  },
  {
    "label": "vat_amount",
    "value": "18.23"
  },
  {
    "label": "payment_id",
    "value": "6317971431"
  },
  {
    "label": "supplier_org_id",
    "value": "2313449269"
  }
]