[
  {
    "label": "total_amount",
    "value": "36.91"
  },
  {
    "label": "currency",
    "value": "USD"
  },
  {
    "label": "due_date",
    "value": "2025-07-18"
  },
  {
    "label": "invoice_date",
    "value": "2025-06-22"
  },
  {
    "label": "account_id",
    "value": "2573884829"
  },
  {
    "label": "invoice_id",
    "value": "7846"
  },
  {
    "label": "net_amount",
    "value": "32.10"
  },
  {
    "label": "vat_amount",
    "value": "4.81"
  },
  {
    "label": "payment_id",
    "value": "590750628"
  },
  {
    "label": "supplier_org_id",
    "value": "9152118270"
  }
]