[
  {
    "label": "total_amount",
    "value": "248.08"
  },
  {
    "label": "currency",
    "value": "USD"
  },
  {
    "label": "due_date",
    "value": "2024-08-14"
  },
  {
    "label": "invoice_date",
    "value": "2024-07-26"
  },
  {
    "label": "account_id",
    "value": "8071873343"
  },
  {
    "label": "invoice_id",
    "value": "6658"
  },
  {
    "label": "net_amount",
    "value": "198.46"
  },
  {
    "label": "vat_amount",
    "value": "49.62"
  },
  {
    "label": "payment_id",
    "value": "4793426329"
  },
  {
    "label": "supplier_org_id",
    "value": "1396303680"
  }
]