[
  {
    "label": "total_amount",
    "value": "159.16"
  },
  {
    "label": "currency",
    "value": "NOK"
  },
  {
    "label": "due_date",
    "value": "2025-05-14"
  },
  {
    "label": "invoice_date",
    "value": "2025-04-27"
  },
  {
    "label": "account_id",
    "value": "6026560287"
  },
  {
    "label": "invoice_id",
    "value": "9890"
  },
  {
    "label": "net_amount",
    "value": "138.40"
  },
  {
    "label": "vat_amount",
    "value": "20.76"
  },
  {
    "label": "payment_id",
    "value": "4771724539"
  },
  {
    "label": "supplier_org_id",
    "value": "6714347591"
  }
]