[
  {
    "label": "total_amount",
    "value": "113.37"
  },
  {
    "label": "currency",
    "value": "PLN"
  },
  {
    "label": "due_date",
    "value": "2026-01-21"
  },
  {
    "label": "invoice_date",
    "value": "2025-12-06"
  },
  {
    "label": "account_id",
    "value": "8673897874"
  },
  {
    "label": "invoice_id",
    "value": "6699"
  },
  {
    "label": "net_amount",
    "value": "98.58"
  },
  {
    "label": "vat_amount",
    "value": "14.79"
  },
  {
    "label": "payment_id",
    "value": "6686591254"
  },
  {
    "label": "supplier_org_id",
    "value": "2816570888"
  }
]