[
  {
    "label": "total_amount",
    "value": "101.94"
  },
  {
    "label": "currency",
    "value": "USD"
  },
  {
    "label": "due_date",
    "value": "2026-11-19"
  },
  {
    "label": "invoice_date",
    "value": "2026-10-18"
  },
  {
    "label": "account_id",
    "value": "3751790549"
  },
  {
    "label": "invoice_id",
    "value": "3116"
  },
  {
    "label": "net_amount",
    "value": "88.64"
  },
  {
    "label": "vat_amount",
    "value": "13.30"
  },
  {
    "label": "payment_id",
    "value": "1128534638"
  },
  {
    "label": "supplier_org_id",
    "value": "5492968504"
  }
]