[
  {
    "label": "total_amount",
    "value": "350.74"
  },
  {
    "label": "currency",
    "value": "PLN"
  },
  {
    "label": "due_date",
    "value": "2025-09-13"
  },
  {
    "label": "invoice_date",
    "value": "2025-08-11"
  },
  {
    "label": "account_id",
    "value": "6229546419"
  },
  {
    "label": "invoice_id",
    "value": "3804"
  },
  {
    "label": "net_amount",
    "value": "318.85"
  },
  {
    "label": "vat_amount",
    "value": "31.89"
  },
  {
    "label": "payment_id",
    "value": "4748933133"
  },
  {
    "label": "supplier_org_id",
    "value": "1519954755"
  }
]