[
  {
    "label": "total_amount",
    "value": "67.11"
  },
  {
    "label": "currency",
    "value": "NOK"
  },
  {
    "label": "due_date",
    "value": "2024-04-10"
  },
  {
    "label": "invoice_date",
    "value": "2024-02-27"
  },
  {
    "label": "account_id",
    "value": "7502535333"
  },
  {
    "label": "invoice_id",
    "value": "1819"
  },
  {
    "label": "net_amount",
    "value": "57.36"
  },
  {
    "label": "vat_amount",
    "value": "9.75"
  },
  {
    "label": "payment_id",
    "value": "2376557818"
  },
  {
    "label": "supplier_org_id",
    "value": "2514146428"
  }
]