[
  {
    "label": "total_amount",
    "value": "400.37"
  },
  {
    "label": "currency",
    "value": "SEK"
  },
  {
    "label": "due_date",
    "value": "2027-07-22"
  },
  {
    "label": "invoice_date",
    "value": "2027-07-06"
  },
  {
    "label": "account_id",
    "value": "6067447706"
  },
  {
    "label": "invoice_id",
    "value": "9183"
  },
  {
    "label": "net_amount",
    "value": "342.20"
  },
  {
    "label": "vat_amount",
    "value": "58.17"
  },
  {
    "label": "payment_id",
    "value": "4272090480"
  },
  {
    "label": "supplier_org_id",
    "value": "7779112961"
  }
]