[
  {
    "label": "total_amount",
    "value": "89.32"
  },
  {
    "label": "currency",
    "value": "USD"
  },
  {
    "label": "due_date",
    "value": "2025-11-14"
  },
  {
    "label": "invoice_date",
    "value": "2025-10-10"
  },
  {
    "label": "account_id",
    "value": "1801444030"
  },
  {
    "label": "invoice_id",
    "value": "121"
  },
  {
    "label": "net_amount",
    "value": "81.20"
  },
  {
    "label": "vat_amount",
    "value": "8.12"
  },
  {
    "label": "payment_id",
    "value": "1322880112"
  },
  {
    "label": "supplier_org_id",
    "value": "5649529583"
  }
]