[
  {
    "label": "total_amount",
    "value": "50.82"
  },
  {
    "label": "currency",
    "value": "USD"
  },
  {
    "label": "due_date",
    "value": "2027-04-02"
  },
  {
    "label": "invoice_date",
    "value": "2027-02-17"
  },
  {
    "label": "account_id",
    "value": "8087876563"
  },
  {
    "label": "invoice_id",
    "value": "4377"
  },
  {
    "label": "net_amount",
    "value": "43.44"
  },
  {
    "label": "vat_amount",
    "value": "7.38"
  },
  {
    "label": "payment_id",
    "value": "6479696256"
  },
  {
    "label": "supplier_org_id",
    "value": "5308536377"
  }
]