[
  {
    "label": "total_amount",
    "value": "381.20"
  },
  {
    "label": "currency",
    "value": "PLN"
  },
  {
    "label": "due_date",
    "value": "2026-01-20"
  },
  {
    "label": "invoice_date",
    "value": "2025-12-05"
  },
  {
    "label": "account_id",
    "value": "9236480832"
  },
  {
    "label": "invoice_id",
    "value": "1145"
  },
  {
    "label": "net_amount",
    "value": "331.48"
  },
  {
    "label": "vat_amount",
    "value": "49.72"
  },
  {
    "label": "payment_id",
    "value": "8231431822"
  },
  {
    "label": "supplier_org_id",
    "value": "5076178961"
  }
]