[
  {
    "label": "total_amount",
    "value": "341.78"
  },
  {
    "label": "currency",
    "value": "USD"
  },
  {
    "label": "due_date",
    "value": "2026-06-02"
  },
  {
    "label": "invoice_date",
    "value": "2026-04-28"
  },
  {
    "label": "account_id",
    "value": "6290171228"
  },
  {
    "label": "invoice_id",
    "value": "408"
  },
  {
    "label": "net_amount",
    "value": "297.20"
  },
  {
    "label": "vat_amount",
    "value": "44.58"
  },
  {
    "label": "payment_id",
    "value": "8790413606"
  },
  {
    "label": "supplier_org_id",
    "value": "2052672035"
  }
]