[
  {
    "label": "total_amount",
    "value": "39.10"
  },
  {
    "label": "currency",
    "value": "DKK"
  },
  {
    "label": "due_date",
    "value": "2026-03-25"
  },
  {
    "label": "invoice_date",
    "value": "2026-02-13"
  },
  {
    "label": "account_id",
    "value": "6909476386"
  },
  {
    "label": "invoice_id",
    "value": "6156"
  },
  {
    "label": "net_amount",
    "value": "31.28"
  },
  {
    "label": "vat_amount",
    "value": "7.82"
  },
  {
    "label": "payment_id",
    "value": "7830768840"
  },
  {
    "label": "supplier_org_id",
    "value": "5478973148"
  }
]