[
  {
    "label": "total_amount",
    "value": "99.53"
  },
  {
    "label": "currency",
    "value": "EUR"
  },
  {
    "label": "due_date",
    "value": "2025-05-31"
  },
  {
    "label": "invoice_date",
    "value": "2025-05-04"
  },
  {
    "label": "account_id",
    "value": "7583565728"
  },
  {
    "label": "invoice_id",
    "value": "6781"
  },
  {
    "label": "net_amount",
    "value": "86.55"
  },
  {
    "label": "vat_amount",
    "value": "12.98"
  },
  {
    "label": "payment_id",
    "value": "9243588235"
  },
  {
    "label": "supplier_org_id",
    "value": "7376358110"
  }
]