[
  {
    "label": "total_amount",
    "value": "35.28"
  },
  {
    "label": "currency",
    "value": "DKK"
  },
  {
    "label": "due_date",
    "value": "2023-06-03"
  },
  {
    "label": "invoice_date",
    "value": "2023-05-09"
  },
  {
    "label": "account_id",
    "value": "5617648770"
  },
  {
    "label": "invoice_id",
    "value": "4548"
  },
  {
    "label": "net_amount",
    "value": "32.07"
  },
  {
    "label": "vat_amount",
    "value": "3.21"
  },
  {
    "label": "payment_id",
    "value": "8479097530"
  },
  {
    "label": "supplier_org_id",
    "value": "1940392843"
  }
]