[
  {
    "label": "total_amount",
    "value": "160.18"
  },
  {
    "label": "currency",
    "value": "EUR"
  },
  {
    "label": "due_date",
    "value": "2023-05-03"
  },
  {
    "label": "invoice_date",
    "value": "2023-04-03"
  },
  {
    "label": "account_id",
    "value": "2193610791"
  },
  {
    "label": "invoice_id",
    "value": "1147"
  },
  {
    "label": "net_amount",
    "value": "152.55"
  },
  {
    "label": "vat_amount",
    "value": "7.63"
  },
  {
    "label": "payment_id",
    "value": "2149977560"
  },
  {
    "label": "supplier_org_id",
    "value": "3265198387"
  }
]