[
  {
    "label": "total_amount",
    "value": "394.73"
  },
  {
    "label": "currency",
    "value": "USD"
  },
  {
    "label": "due_date",
    "value": "2024-07-02"
  },
  {
    "label": "invoice_date",
    "value": "2024-05-14"
  },
  {
    "label": "account_id",
    "value": "4889448914"
  },
  {
    "label": "invoice_id",
    "value": "1302"
  },
  {
    "label": "net_amount",
    "value": "343.24"
  },
  {
    "label": "vat_amount",
    "value": "51.49"
  },
  {
    "label": "payment_id",
    "value": "3130763287"
  },
  {
    "label": "supplier_org_id",
    "value": "6588975417"
  }
]