[
  {
    "label": "total_amount",
    "value": "303.63"
  },
  {
    "label": "currency",
    "value": "USD"
  },
  {
    "label": "due_date",
    "value": "2024-05-12"
  },
  {
    "label": "invoice_date",
    "value": "2024-04-24"
  },
  {
    "label": "account_id",
    "value": "5785024958"
  },
  {
    "label": "invoice_id",
    "value": "2151"
  },
  {
    "label": "net_amount",
    "value": "289.17"
  },
  {
    "label": "vat_amount",
    "value": "14.46"
  },
  {
    "label": "payment_id",
    "value": "4587947940"
  },
  {
    "label": "supplier_org_id",
    "value": "6927042527"
  }
]