[
  {
    "label": "total_amount",
    "value": "84.55"
  },
  {
    "label": "currency",
    "value": "NOK"
  },
  {
    "label": "due_date",
    "value": "2025-11-06"
  },
  {
    "label": "invoice_date",
    "value": "2025-10-19"
  },
  {
    "label": "account_id",
    "value": "6175122150"
  },
  {
    "label": "invoice_id",
    "value": "1126"
  },
  {
    "label": "net_amount",
    "value": "67.64"
  },
  {
    "label": "vat_amount",
    "value": "16.91"
  },
  {
    "label": "payment_id",
    "value": "9990749768"
  },
  {
    "label": "supplier_org_id",
    "value": "2185103213"
  }
]