[
  {
    "label": "total_amount",
    "value": "440.79"
  },
  {
    "label": "currency",
    "value": "SEK"
  },
  {
    "label": "due_date",
    "value": "2023-12-17"
  },
  {
    "label": "invoice_date",
    "value": "2023-11-14"
  },
  {
    "label": "account_id",
    "value": "7137557053"
  },
  {
    "label": "invoice_id",
    "value": "7475"
  },
  {
    "label": "net_amount",
    "value": "419.80"
  },
  {
    "label": "vat_amount",
    "value": "20.99"
  },
  {
    "label": "payment_id",
    "value": "9245972845"
  },
  {
    "label": "supplier_org_id",
    "value": "8287879764"
  }
]