[
  {
    "label": "total_amount",
    "value": "73.60"
  },
  {
    "label": "currency",
    "value": "SEK"
  },
  {
    "label": "due_date",
    "value": "2023-07-22"
  },
  {
    "label": "invoice_date",
    "value": "2023-07-02"
  },
  {
    "label": "account_id",
    "value": "1546005396"
  },
  {
    "label": "invoice_id",
    "value": "745"
  },
  {
    "label": "net_amount",
    "value": "58.88"
  },
  {
    "label": "vat_amount",
    "value": "14.72"
  },
  {
    "label": "payment_id",
    "value": "3157008139"
  },
  {
    "label": "supplier_org_id",
    "value": "1066778139"
  }
]