[
  {
    "label": "total_amount",
    "value": "134.19"
  },
  {
    "label": "currency",
    "value": "EUR"
  },
  {
    "label": "due_date",
    "value": "2027-01-23"
  },
  {
    "label": "invoice_date",
    "value": "2026-12-18"
  },
  {
    "label": "account_id",
    "value": "7958559915"
  },
  {
    "label": "invoice_id",
    "value": "3850"
  },
  {
    "label": "net_amount",
    "value": "127.80"
  },
  {
    "label": "vat_amount",
    "value": "6.39"
  },
  {
    "label": "payment_id",
    "value": "1766389231"
  },
  {
    "label": "supplier_org_id",
    "value": "6690467851"
  }
]