[
  {
    "label": "total_amount",
    "value": "55.77"
  },
  {
    "label": "currency",
    "value": "NOK"
  },
  {
    "label": "due_date",
    "value": "2025-03-17"
  },
  {
    "label": "invoice_date",
    "value": "2025-02-21"
  },
  {
    "label": "account_id",
    "value": "5791933657"
  },
  {
    "label": "invoice_id",
    "value": "5434"
  },
  {
    "label": "net_amount",
    "value": "44.62"
  },
  {
    "label": "vat_amount",
    "value": "11.15"
  },
  {
    "label": "payment_id",
    "value": "5573221570"
  },
  {
    "label": "supplier_org_id",
    "value": "1784725665"
  }
]