[
  {
    "label": "total_amount",
    "value": "106.59"
  },
  {
    "label": "currency",
    "value": "SEK"
  },
  {
    "label": "due_date",
    "value": "2023-06-12"
  },
  {
    "label": "invoice_date",
    "value": "2023-05-08"
  },
  {
    "label": "account_id",
    "value": "2499666198"
  },
  {
    "label": "invoice_id",
    "value": "9074"
  },
  {
    "label": "net_amount",
    "value": "96.90"
  },
  {
    "label": "vat_amount",
    "value": "9.69"
  },
  {
    "label": "payment_id",
    "value": "9827454543"
  },
  {
    "label": "supplier_org_id",
    "value": "7025728569"
  }
]