[
  {
    "label": "total_amount",
    "value": "30.58"
  },
  {
    "label": "currency",
    "value": "USD"
  },
  {
    "label": "due_date",
    "value": "2023-12-12"
  },
  {
    "label": "invoice_date",
    "value": "2023-11-06"
  },
  {
    "label": "account_id",
    "value": "1607251163"
  },
  {
    "label": "invoice_id",
    "value": "2235"
  },
  {
    "label": "net_amount",
    "value": "24.46"
  },
  {
    "label": "vat_amount",
    "value": "6.12"
  },
  {
    "label": "payment_id",
    "value": "9252371327"
  },
  {
    "label": "supplier_org_id",
    "value": "7973814466"
  }
]