[
  {
    "label": "total_amount",
    "value": "243.47"
  },
  {
    "label": "currency",
    "value": "EUR"
  },
  {
    "label": "due_date",
    "value": "2025-04-02"
  },
  {
    "label": "invoice_date",
    "value": "2025-02-19"
  },
  {
    "label": "account_id",
    "value": "4183910831"
  },
  {
    "label": "invoice_id",
    "value": "5501"
  },
  {
    "label": "net_amount",
    "value": "231.88"
  },
  {
    "label": "vat_amount",
    "value": "11.59"
  },
  {
    "label": "payment_id",
    "value": "4529728565"
  },
  {
    "label": "supplier_org_id",
    "value": "3662323518"
  }
]