[
  {
    "label": "total_amount",
    "value": "52.79"
  },
  {
    "label": "currency",
    "value": "SEK"
  },
  {
    "label": "due_date",
    "value": "2023-07-22"
  },
  {
    "label": "invoice_date",
    "value": "2023-06-14"
  },
  {
    "label": "account_id",
    "value": "9697068131"
  },
  {
    "label": "invoice_id",
    "value": "5335"
  },
  {
    "label": "net_amount",
    "value": "50.28"
  },
  {
    "label": "vat_amount",
    "value": "2.51"
  },
  {
    "label": "payment_id",
    "value": "7159018228"
  },
  {
    "label": "supplier_org_id",
    "value": "9170635020"
  }
]