[
  {
    "label": "total_amount",
    "value": "29.26"
  },
  {
    "label": "currency",
    "value": "DKK"
  },
  {
    "label": "due_date",
    "value": "2023-04-28"
  },
  {
    "label": "invoice_date",
    "value": "2023-03-19"
  },
  {
    "label": "account_id",
    "value": "6711314516"
  },
  {
    "label": "invoice_id",
    "value": "8163"
  },
  {
    "label": "net_amount",
    "value": "26.60"
  },
  {
    "label": "vat_amount",
    "value": "2.66"
  },
  {
    "label": "payment_id",
    "value": "8735133110"
  },
  {
    "label": "supplier_org_id",
    "value": "9965084684"
  }
]