[
  {
    "label": "total_amount",
    "value": "373.75"
  },
  {
    "label": "currency",
    "value": "SEK"
  },
  {
    "label": "due_date",
    "value": "2025-10-06"
  },
  {
    "label": "invoice_date",
    "value": "2025-09-20"
  },
  {
    "label": "account_id",
    "value": "5779367849"
  },
  {
    "label": "invoice_id",
    "value": "9809"
  },
  {
    "label": "net_amount",
    "value": "355.95"
  },
  {
    "label": "vat_amount",
    "value": "17.80"
  },
  {
    "label": "payment_id",
    "value": "5627675465"
  },
  {
    "label": "supplier_org_id",
    "value": "8642759621"
  }
]