[
  {
    "label": "total_amount",
    "value": "262.32"
  },
  {
    "label": "currency",
    "value": "USD"
  },
  {
    "label": "due_date",
    "value": "2026-09-23"
  },
  {
    "label": "invoice_date",
    "value": "2026-09-06"
  },
  {
    "label": "account_id",
    "value": "4717659383"
  },
  {
    "label": "invoice_id",
    "value": "4562"
  },
  {
    "label": "net_amount",
    "value": "218.60"
  },
  {
    "label": "vat_amount",
    "value": "43.72"
  },
  {
    "label": "payment_id",
    "value": "6128608507"
  },
  {
    "label": "supplier_org_id",
    "value": "2642125626"
  }
]