[
  {
    "label": "total_amount",
    "value": "30.09"
  },
  {
    "label": "currency",
    "value": "EUR"
  },
  {
    "label": "due_date",
    "value": "2023-08-12"
  },
  {
    "label": "invoice_date",
    "value": "2023-06-23"
  },
  {
    "label": "account_id",
    "value": "8833945922"
  },
  {
    "label": "invoice_id",
    "value": "2797"
  },
  {
    "label": "net_amount",
    "value": "25.72"
  },
  {
    "label": "vat_amount",
    "value": "4.37"
  },
  {
    "label": "payment_id",
    "value": "1734586355"
  },
  {
    "label": "supplier_org_id",
    "value": "2301567225"
  }
]