[
  {
    "label": "total_amount",
    "value": "475.39"
  },
  {
    "label": "currency",
    "value": "DKK"
  },
  {
    "label": "due_date",
    "value": "2025-09-11"
  },
  {
    "label": "invoice_date",
    "value": "2025-08-22"
  },
  {
    "label": "account_id",
    "value": "2054048488"
  },
  {
    "label": "invoice_id",
    "value": "3819"
  },
  {
    "label": "net_amount",
    "value": "396.16"
  },
  {
    "label": "vat_amount",
    "value": "79.23"
  },
  {
    "label": "payment_id",
    "value": "12437366"
  },
  {
    "label": "supplier_org_id",
    "value": "3024846082"
  }
]