[
  {
    "label": "total_amount",
    "value": "37.88"
  },
  {
    "label": "currency",
    "value": "USD"
  },
  {
    "label": "due_date",
    "value": "2023-07-17"
  },
  {
    "label": "invoice_date",
    "value": "2023-06-28"
  },
  {
    "label": "account_id",
    "value": "5612880909"
  },
  {
    "label": "invoice_id",
    "value": "2668"
  },
  {
    "label": "net_amount",
    "value": "30.30"
  },
  {
    "label": "vat_amount",
    "value": "7.57"
  },
  {
    "label": "payment_id",
    "value": "4574532511"
  },
  {
    "label": "supplier_org_id",
    "value": "7031288605"
  }
]