[
  {
    "label": "total_amount",
    "value": "252.08"
  },
  {
    "label": "currency",
    "value": "DKK"
  },
  {
    "label": "due_date",
    "value": "2022-10-17"
  },
  {
    "label": "invoice_date",
    "value": "2022-09-26"
  },
  {
    "label": "account_id",
    "value": "5238858129"
  },
  {
    "label": "invoice_id",
    "value": "8281"
  },
  {
    "label": "net_amount",
    "value": "240.08"
  },
  {
    "label": "vat_amount",
    "value": "12.00"
  },
  {
    "label": "payment_id",
    "value": "955622132"
  },
  {
    "label": "supplier_org_id",
    "value": "8576877980"
  }
]