[
  {
    "label": "total_amount",
    "value": "30.40"
  },
  {
    "label": "currency",
    "value": "SEK"
  },
  {
    "label": "due_date",
    "value": "2027-02-28"
  },
  {
    "label": "invoice_date",
    "value": "2027-01-21"
  },
  {
    "label": "account_id",
    "value": "8705470713"
  },
  {
    "label": "invoice_id",
    "value": "6127"
  },
  {
    "label": "net_amount",
    "value": "25.98"
  },
  {
    "label": "vat_amount",
    "value": "4.42"
  },
  {
    "label": "payment_id",
    "value": "2496959049"
  },
  {
    "label": "supplier_org_id",
    "value": "2142844771"
  }
]