[
  {
    "label": "total_amount",
    "value": "312.06"
  },
  {
    "label": "currency",
    "value": "USD"
  },
  {
    "label": "due_date",
    "value": "2027-02-24"
  },
  {
    "label": "invoice_date",
    "value": "2027-01-23"
  },
  {
    "label": "account_id",
    "value": "8585780874"
  },
  {
    "label": "invoice_id",
    "value": "3256"
  },
  {
    "label": "net_amount",
    "value": "271.36"
  },
  {
    "label": "vat_amount",
    "value": "40.70"
  },
  {
    "label": "payment_id",
    "value": "2657715571"
  },
  {
    "label": "supplier_org_id",
    "value": "9818731566"
  }
]