[
  {
    "label": "total_amount",
    "value": "265.20"
  },
  {
    "label": "currency",
    "value": "USD"
  },
  {
    "label": "due_date",
    "value": "2025-10-27"
  },
  {
    "label": "invoice_date",
    "value": "2025-09-26"
  },
  {
    "label": "account_id",
    "value": "1288965628"
  },
  {
    "label": "invoice_id",
    "value": "185"
  },
  {
    "label": "net_amount",
    "value": "252.57"
  },
  {
    "label": "vat_amount",
    "value": "12.63"
  },
  {
    "label": "payment_id",
    "value": "6832982256"
  },
  {
    "label": "supplier_org_id",
    "value": "7049454436"
  }
]