[
  {
    "label": "total_amount",
    "value": "24.48"
  },
  {
    "label": "currency",
    "value": "NOK"
  },
  {
    "label": "due_date",
    "value": "2025-09-12"
  },
  {
    "label": "invoice_date",
    "value": "2025-07-28"
  },
  {
    "label": "account_id",
    "value": "7199216561"
  },
  {
    "label": "invoice_id",
    "value": "109"
  },
  {
    "label": "net_amount",
    "value": "20.40"
  },
  {
    "label": "vat_amount",
    "value": "4.08"
  },
  {
    "label": "payment_id",
    "value": "489151073"
  },
  {
    "label": "supplier_org_id",
    "value": "7094061380"
  }
]