[
  {
    "label": "total_amount",
    "value": "91.00"
  },
  {
    "label": "currency",
    "value": "USD"
  },
  {
    "label": "due_date",
    "value": "2027-07-15"
  },
  {
    "label": "invoice_date",
    "value": "2027-06-25"
  },
  {
    "label": "account_id",
    "value": "1569261284"
  },
  {
    "label": "invoice_id",
    "value": "7212"
  },
  {
    "label": "net_amount",
    "value": "82.73"
  },
  {
    "label": "vat_amount",
    "value": "8.27"
  },
  {
    "label": "payment_id",
    "value": "2178708909"
  },
  {
    "label": "supplier_org_id",
    "value": "5184668993"
  }
]