[
  {
    "label": "total_amount",
    "value": "106.42"
  },
  {
    "label": "currency",
    "value": "EUR"
  },
  {
    "label": "due_date",
    "value": "2024-06-03"
  },
  {
    "label": "invoice_date",
    "value": "2024-04-23"
  },
  {
    "label": "account_id",
    "value": "3992254462"
  },
  {
    "label": "invoice_id",
    "value": "5608"
  },
  {
    "label": "net_amount",
    "value": "85.14"
  },
  {
    "label": "vat_amount",
    "value": "21.29"
  },
  {
    "label": "payment_id",
    "value": "4379717686"
  },
  {
    "label": "supplier_org_id",
    "value": "2532746987"
  }
]