[
  {
    "label": "total_amount",
    "value": "195.89"
  },
  {
    "label": "currency",
    "value": "DKK"
  },
  {
    "label": "due_date",
    "value": "2024-10-27"
  },
  {
    "label": "invoice_date",
    "value": "2024-09-15"
  },
  {
    "label": "account_id",
    "value": "5237971725"
  },
  {
    "label": "invoice_id",
    "value": "9659"
  },
  {
    "label": "net_amount",
    "value": "163.24"
  },
  {
    "label": "vat_amount",
    "value": "32.65"
  },
  {
    "label": "payment_id",
    "value": "9880714308"
  },
  {
    "label": "supplier_org_id",
    "value": "4429704370"
  }
]