[
  {
    "label": "total_amount",
    "value": "52.85"
  },
  {
    "label": "currency",
    "value": "PLN"
  },
  {
    "label": "due_date",
    "value": "2025-07-05"
  },
  {
    "label": "invoice_date",
    "value": "2025-05-23"
  },
  {
    "label": "account_id",
    "value": "8248274888"
  },
  {
    "label": "invoice_id",
    "value": "1139"
  },
  {
    "label": "net_amount",
    "value": "45.96"
  },
  {
    "label": "vat_amount",
    "value": "6.89"
  },
  {
    "label": "payment_id",
    "value": "7054603543"
  },
  {
    "label": "supplier_org_id",
    "value": "2798333720"
  }
]