[
  {
    "label": "total_amount",
    "value": "198.10"
  },
  {
    "label": "currency",
    "value": "USD"
  },
  {
    "label": "due_date",
    "value": "2023-05-31"
  },
  {
    "label": "invoice_date",
    "value": "2023-04-29"
  },
  {
    "label": "account_id",
    "value": "4045903313"
  },
  {
    "label": "invoice_id",
    "value": "2744"
  },
  {
    "label": "net_amount",
    "value": "172.26"
  },
  {
    "label": "vat_amount",
    "value": "25.84"
  },
  {
    "label": "payment_id",
    "value": "6661173027"
  },
  {
    "label": "supplier_org_id",
    "value": "6198016539"
  }
]