[
  {
    "label": "total_amount",
    "value": "612.19"
  },
  {
    "label": "currency",
    "value": "SEK"
  },
  {
    "label": "due_date",
    "value": "2026-12-10"
  },
  {
    "label": "invoice_date",
    "value": "2026-11-22"
  },
  {
    "label": "account_id",
    "value": "3821847405"
  },
  {
    "label": "invoice_id",
    "value": "891"
  },
  {
    "label": "net_amount",
    "value": "489.75"
  },
  {
    "label": "vat_amount",
    "value": "122.44"
  },
  {
    "label": "payment_id",
    "value": "2850193583"
  },
  {
    "label": "supplier_org_id",
    "value": "2489310080"
  }
]