[
  {
    "label": "total_amount",
    "value": "72.55"
  },
  {
    "label": "currency",
    "value": "SEK"
  },
  {
    "label": "due_date",
    "value": "2024-11-30"
  },
  {
    "label": "invoice_date",
    "value": "2024-10-22"
  },
  {
    "label": "account_id",
    "value": "5190161148"
  },
  {
    "label": "invoice_id",
    "value": "3457"
  },
  {
    "label": "net_amount",
    "value": "58.04"
  },
  {
    "label": "vat_amount",
    "value": "14.51"
  },
  {
    "label": "payment_id",
    "value": "424900593"
  },
  {
    "label": "supplier_org_id",
    "value": "3270403217"
  }
]