[
  {
    "label": "total_amount",
    "value": "213.14"
  },
  {
    "label": "currency",
    "value": "PLN"
  },
  {
    "label": "due_date",
    "value": "2023-06-19"
  },
  {
    "label": "invoice_date",
    "value": "2023-04-30"
  },
  {
    "label": "account_id",
    "value": "7405452115"
  },
  {
    "label": "invoice_id",
    "value": "7022"
  },
  {
    "label": "net_amount",
    "value": "185.34"
  },
  {
    "label": "vat_amount",
    "value": "27.80"
  },
  {
    "label": "payment_id",
    "value": "5127777692"
  },
  {
    "label": "supplier_org_id",
    "value": "6558577433"
  }
]