[
  {
    "label": "total_amount",
    "value": "127.87"
  },
  {
    "label": "currency",
    "value": "USD"
  },
  {
    "label": "due_date",
    "value": "2025-10-13"
  },
  {
    "label": "invoice_date",
    "value": "2025-09-12"
  },
  {
    "label": "account_id",
    "value": "9036189001"
  },
  {
    "label": "invoice_id",
    "value": "5622"
  },
  {
    "label": "net_amount",
    "value": "106.56"
  },
  {
    "label": "vat_amount",
    "value": "21.31"
  },
  {
    "label": "payment_id",
    "value": "4709186283"
  },
  {
    "label": "supplier_org_id",
    "value": "9607423656"
  }
]