[
  {
    "label": "total_amount",
    "value": "198.13"
  },
  {
    "label": "currency",
    "value": "NOK"
  },
  {
    "label": "due_date",
    "value": "2026-12-29"
  },
  {
    "label": "invoice_date",
    "value": "2026-12-02"
  },
  {
    "label": "account_id",
    "value": "2138469596"
  },
  {
    "label": "invoice_id",
    "value": "7502"
  },
  {
    "label": "net_amount",
    "value": "188.70"
  },
  {
    "label": "vat_amount",
    "value": "9.44"
  },
  {
    "label": "payment_id",
    "value": "3727959533"
  },
  {
    "label": "supplier_org_id",
    "value": "7314384533"
  }
]