[
  {
    "label": "total_amount",
    "value": "161.04"
  },
  {
    "label": "currency",
    "value": "USD"
  },
  {
    "label": "due_date",
    "value": "2023-05-24"
  },
  {
    "label": "invoice_date",
    "value": "2023-05-05"
  },
  {
    "label": "account_id",
    "value": "2066861065"
  },
  {
    "label": "invoice_id",
    "value": "7940"
  },
  {
    "label": "net_amount",
    "value": "146.40"
  },
  {
    "label": "vat_amount",
    "value": "14.64"
  },
  {
    "label": "payment_id",
    "value": "5003426458"
  },
  {
    "label": "supplier_org_id",
    "value": "6666745280"
  }
]