[
  {
    "label": "total_amount",
    "value": "110.60"
  },
  {
    "label": "currency",
    "value": "USD"
  },
  {
    "label": "due_date",
    "value": "2023-10-06"
  },
  {
    "label": "invoice_date",
    "value": "2023-08-24"
  },
  {
    "label": "account_id",
    "value": "6098549934"
  },
  {
    "label": "invoice_id",
    "value": "9664"
  },
  {
    "label": "net_amount",
    "value": "92.17"
  },
  {
    "label": "vat_amount",
    "value": "18.43"
  },
  {
    "label": "payment_id",
    "value": "4746419661"
  },
  {
    "label": "supplier_org_id",
    "value": "3471697897"
  }
]