[
  {
    "label": "total_amount",
    "value": "294.06"
  },
  {
    "label": "currency",
    "value": "USD"
  },
  {
    "label": "due_date",
    "value": "2023-10-03"
  },
  {
    "label": "invoice_date",
    "value": "2023-08-31"
  },
  {
    "label": "account_id",
    "value": "6392481598"
  },
  {
    "label": "invoice_id",
    "value": "1034"
  },
  {
    "label": "net_amount",
    "value": "235.25"
  },
  {
    "label": "vat_amount",
    "value": "58.81"
  },
  {
    "label": "payment_id",
    "value": "4377429431"
  },
  {
    "label": "supplier_org_id",
    "value": "7550257327"
  }
]