[
  {
    "label": "total_amount",
    "value": "50.34"
  },
  {
    "label": "currency",
    "value": "NOK"
  },
  {
    "label": "due_date",
    "value": "2026-09-11"
  },
  {
    "label": "invoice_date",
    "value": "2026-08-17"
  },
  {
    "label": "account_id",
    "value": "5704398591"
  },
  {
    "label": "invoice_id",
    "value": "4617"
  },
  {
    "label": "net_amount",
    "value": "43.77"
  },
  {
    "label": "vat_amount",
    "value": "6.57"
  },
  {
    "label": "payment_id",
    "value": "1236715815"
  },
  {
    "label": "supplier_org_id",
    "value": "8137506865"
  }
]