[
  {
    "label": "total_amount",
    "value": "297.15"
  },
  {
    "label": "currency",
    "value": "NOK"
  },
  {
    "label": "due_date",
    "value": "2025-12-31"
  },
  {
    "label": "invoice_date",
    "value": "2025-12-02"
  },
  {
    "label": "account_id",
    "value": "2268600106"
  },
  {
    "label": "invoice_id",
    "value": "2974"
  },
  {
    "label": "net_amount",
    "value": "237.72"
  },
  {
    "label": "vat_amount",
    "value": "59.43"
  },
  {
    "label": "payment_id",
    "value": "320037845"
  },
  {
    "label": "supplier_org_id",
    "value": "2635246803"
  }
]