[
  {
    "label": "total_amount",
    "value": "92.26"
  },
  {
    "label": "currency",
    "value": "EUR"
  },
  {
    "label": "due_date",
    "value": "2024-12-25"
  },
  {
    "label": "invoice_date",
    "value": "2024-11-19"
  },
  {
    "label": "account_id",
    "value": "4738837459"
  },
  {
    "label": "invoice_id",
    "value": "8302"
  },
  {
    "label": "net_amount",
    "value": "76.88"
  },
  {
    "label": "vat_amount",
    "value": "15.38"
  },
  {
    "label": "payment_id",
    "value": "2276442269"
  },
  {
    "label": "supplier_org_id",
    "value": "6032725273"
  }
]