[
  {
    "label": "total_amount",
    "value": "62.54"
  },
  {
    "label": "currency",
    "value": "EUR"
  },
  {
    "label": "due_date",
    "value": "2024-05-08"
  },
  {
    "label": "invoice_date",
    "value": "2024-04-12"
  },
  {
    "label": "account_id",
    "value": "5284699979"
  },
  {
    "label": "invoice_id",
    "value": "1581"
  },
  {
    "label": "net_amount",
    "value": "59.56"
  },
  {
    "label": "vat_amount",
    "value": "2.98"
  },
  {
    "label": "payment_id",
    "value": "32733963"
  },
  {
    "label": "supplier_org_id",
    "value": "2801979465"
  }
]