[
  {
    "label": "total_amount",
    "value": "32.72"
  },
  {
    "label": "currency",
    "value": "PLN"
  },
  {
    "label": "due_date",
    "value": "2026-02-13"
  },
  {
    "label": "invoice_date",
    "value": "2026-01-09"
  },
  {
    "label": "account_id",
    "value": "7700170882"
  },
  {
    "label": "invoice_id",
    "value": "2091"
  },
  {
    "label": "net_amount",
    "value": "28.45"
  },
  {
    "label": "vat_amount",
    "value": "4.27"
  },
  {
    "label": "payment_id",
    "value": "6059761369"
  },
  {
    "label": "supplier_org_id",
    "value": "8387487976"
  }
]