[
  {
    "label": "total_amount",
    "value": "94.83"
  },
  {
    "label": "currency",
    "value": "EUR"
  },
  {
    "label": "due_date",
    "value": "2026-07-12"
  },
  {
    "label": "invoice_date",
    "value": "2026-06-08"
  },
  {
    "label": "account_id",
    "value": "4244294973"
  },
  {
    "label": "invoice_id",
    "value": "1992"
  },
  {
    "label": "net_amount",
    "value": "82.46"
  },
  {
    "label": "vat_amount",
    "value": "12.37"
  },
  {
    "label": "payment_id",
    "value": "7818557688"
  },
  {
    "label": "supplier_org_id",
    "value": "8424771757"
  }
]