[
  {
    "label": "total_amount",
    "value": "320.88"
  },
  {
    "label": "currency",
    "value": "NOK"
  },
  {
    "label": "due_date",
    "value": "2022-12-18"
  },
  {
    "label": "invoice_date",
    "value": "2022-10-31"
  },
  {
    "label": "account_id",
    "value": "4441604465"
  },
  {
    "label": "invoice_id",
    "value": "6088"
  },
  {
    "label": "net_amount",
    "value": "267.40"
  },
  {
    "label": "vat_amount",
    "value": "53.48"
  },
  {
    "label": "payment_id",
    "value": "4205518084"
  },
  {
    "label": "supplier_org_id",
    "value": "2759647377"
  }
]