[
  {
    "label": "total_amount",
    "value": "368.60"
  },
  {
    "label": "currency",
    "value": "USD"
  },
  {
    "label": "due_date",
    "value": "2024-12-03"
  },
  {
    "label": "invoice_date",
    "value": "2024-10-30"
  },
  {
    "label": "account_id",
    "value": "3348411716"
  },
  {
    "label": "invoice_id",
    "value": "6053"
  },
  {
    "label": "net_amount",
    "value": "320.52"
  },
  {
    "label": "vat_amount",
    "value": "48.08"
  },
  {
    "label": "payment_id",
    "value": "455614221"
  },
  {
    "label": "supplier_org_id",
    "value": "5509871672"
  }
]