[
  {
    "label": "total_amount",
    "value": "546.54"
  },
  {
    "label": "currency",
    "value": "USD"
  },
  {
    "label": "due_date",
    "value": "2022-11-28"
  },
  {
    "label": "invoice_date",
    "value": "2022-11-11"
  },
  {
    "label": "account_id",
    "value": "9868680410"
  },
  {
    "label": "invoice_id",
    "value": "809"
  },
  {
    "label": "net_amount",
    "value": "475.25"
  },
  {
    "label": "vat_amount",
    "value": "71.29"
  },
  {
    "label": "payment_id",
    "value": "1640918545"
  },
  {
    "label": "supplier_org_id",
    "value": "8787816186"
  }
]