[
  {
    "label": "total_amount",
    "value": "119.81"
  },
  {
    "label": "currency",
    "value": "EUR"
  },
  {
    "label": "due_date",
    "value": "2026-02-05"
  },
  {
    "label": "invoice_date",
    "value": "2026-01-08"
  },
  {
    "label": "account_id",
    "value": "3716026388"
  },
  {
    "label": "invoice_id",
    "value": "4042"
  },
  {
    "label": "net_amount",
    "value": "108.92"
  },
  {
    "label": "vat_amount",
    "value": "10.89"
  },
  {
    "label": "payment_id",
    "value": "1610996011"
  },
  {
    "label": "supplier_org_id",
    "value": "1390079416"
  }
]