[
  {
    "label": "total_amount",
    "value": "102.06"
  },
  {
    "label": "currency",
    "value": "PLN"
  },
  {
    "label": "due_date",
    "value": "2026-05-10"
  },
  {
    "label": "invoice_date",
    "value": "2026-04-15"
  },
  {
    "label": "account_id",
    "value": "7240197021"
  },
  {
    "label": "invoice_id",
    "value": "2473"
  },
  {
    "label": "net_amount",
    "value": "92.78"
  },
  {
    "label": "vat_amount",
    "value": "9.28"
  },
  {
    "label": "payment_id",
    "value": "3875822764"
  },
  {
    "label": "supplier_org_id",
    "value": "6844273748"
  }
]