[
  {
    "label": "total_amount",
    "value": "158.65"
  },
  {
    "label": "currency",
    "value": "USD"
  },
  {
    "label": "due_date",
    "value": "2025-12-25"
  },
  {
    "label": "invoice_date",
    "value": "2025-11-12"
  },
  {
    "label": "account_id",
    "value": "1934116481"
  },
  {
    "label": "invoice_id",
    "value": "6511"
  },
  {
    "label": "net_amount",
    "value": "126.92"
  },
  {
    "label": "vat_amount",
    "value": "31.73"
  },
  {
    "label": "payment_id",
    "value": "6780650382"
  },
  {
    "label": "supplier_org_id",
    "value": "7218035054"
  }
]