[
  {
    "label": "total_amount",
    "value": "206.62"
  },
  {
    "label": "currency",
    "value": "NOK"
  },
  {
    "label": "due_date",
    "value": "2026-12-23"
  },
  {
    "label": "invoice_date",
    "value": "2026-11-10"
  },
  {
    "label": "account_id",
    "value": "2128097915"
  },
  {
    "label": "invoice_id",
    "value": "8449"
  },
  {
    "label": "net_amount",
    "value": "179.67"
  },
  {
    "label": "vat_amount",
    "value": "26.95"
  },
  {
    "label": "payment_id",
    "value": "9114984332"
  },
  {
    "label": "supplier_org_id",
    "value": "3400904913"
  }
]