[
  {
    "label": "total_amount",
    "value": "203.93"
  },
  {
    "label": "currency",
    "value": "USD"
  },
  {
    "label": "due_date",
    "value": "2027-12-26"
  },
  {
    "label": "invoice_date",
    "value": "2027-11-22"
  },
  {
    "label": "account_id",
    "value": "5419917584"
  },
  {
    "label": "invoice_id",
    "value": "2895"
  },
  {
    "label": "net_amount",
    "value": "177.33"
  },
  {
    "label": "vat_amount",
    "value": "26.60"
  },
  {
    "label": "payment_id",
    "value": "4706616861"
  },
  {
    "label": "supplier_org_id",
    "value": "3385557935"
  }
]