[
  {
    "label": "total_amount",
    "value": "342.01"
  },
  {
    "label": "currency",
    "value": "DKK"
  },
  {
    "label": "due_date",
    "value": "2025-02-21"
  },
  {
    "label": "invoice_date",
    "value": "2025-01-31"
  },
  {
    "label": "account_id",
    "value": "9487062944"
  },
  {
    "label": "invoice_id",
    "value": "6551"
  },
  {
    "label": "net_amount",
    "value": "297.40"
  },
  {
    "label": "vat_amount",
    "value": "44.61"
  },
  {
    "label": "payment_id",
    "value": "4416155259"
  },
  {
    "label": "supplier_org_id",
    "value": "8564961772"
  }
]