[
  {
    "label": "total_amount",
    "value": "130.16"
  },
  {
    "label": "currency",
    "value": "NOK"
  },
  {
    "label": "due_date",
    "value": "2026-09-03"
  },
  {
    "label": "invoice_date",
    "value": "2026-07-17"
  },
  {
    "label": "account_id",
    "value": "5778729496"
  },
  {
    "label": "invoice_id",
    "value": "1644"
  },
  {
    "label": "net_amount",
    "value": "113.18"
  },
  {
    "label": "vat_amount",
    "value": "16.98"
  },
  {
    "label": "payment_id",
    "value": "3576633088"
  },
  {
    "label": "supplier_org_id",
    "value": "4880273555"
  }
]