[
  {
    "label": "total_amount",
    "value": "157.79"
  },
  {
    "label": "currency",
    "value": "USD"
  },
  {
    "label": "due_date",
    "value": "2027-05-02"
  },
  {
    "label": "invoice_date",
    "value": "2027-03-25"
  },
  {
    "label": "account_id",
    "value": "1059404548"
  },
  {
    "label": "invoice_id",
    "value": "8735"
  },
  {
    "label": "net_amount",
    "value": "134.86"
  },
  {
    "label": "vat_amount",
    "value": "22.93"
  },
  {
    "label": "payment_id",
    "value": "737948150"
  },
  {
    "label": "supplier_org_id",
    "value": "1115788398"
  }
]