[
  {
    "label": "total_amount",
    "value": "235.45"
  },
  {
    "label": "currency",
    "value": "DKK"
  },
  {
    "label": "due_date",
    "value": "2023-12-19"
  },
  {
    "label": "invoice_date",
    "value": "2023-11-04"
  },
  {
    "label": "account_id",
    "value": "2214752099"
  },
  {
    "label": "invoice_id",
    "value": "8108"
  },
  {
    "label": "net_amount",
    "value": "224.24"
  },
  {
    "label": "vat_amount",
    "value": "11.21"
  },
  {
    "label": "payment_id",
    "value": "8667692313"
  },
  {
    "label": "supplier_org_id",
    "value": "4854619049"
  }
]