[
  {
    "label": "total_amount",
    "value": "241.21"
  },
  {
    "label": "currency",
    "value": "SEK"
  },
  {
    "label": "due_date",
    "value": "2027-09-25"
  },
  {
    "label": "invoice_date",
    "value": "2027-09-10"
  },
  {
    "label": "account_id",
    "value": "5208966530"
  },
  {
    "label": "invoice_id",
    "value": "6116"
  },
  {
    "label": "net_amount",
    "value": "209.75"
  },
  {
    "label": "vat_amount",
    "value": "31.46"
  },
  {
    "label": "payment_id",
    "value": "1249289921"
  },
  {
    "label": "supplier_org_id",
    "value": "9411637828"
  }
]