[
  {
    "label": "total_amount",
    "value": "68.08"
  },
  {
    "label": "currency",
    "value": "SEK"
  },
  {
    "label": "due_date",
    "value": "2022-11-30"
  },
  {
    "label": "invoice_date",
    "value": "2022-10-23"
  },
  {
    "label": "account_id",
    "value": "8428909246"
  },
  {
    "label": "invoice_id",
    "value": "7938"
  },
  {
    "label": "net_amount",
    "value": "59.20"
  },
  {
    "label": "vat_amount",
    "value": "8.88"
  },
  {
    "label": "payment_id",
    "value": "8024839019"
  },
  {
    "label": "supplier_org_id",
    "value": "5594292919"
  }
]