[
  {
    "label": "total_amount",
    "value": "9.37"
  },
  {
    "label": "currency",
    "value": "EUR"
  },
  {
    "label": "due_date",
    "value": "2023-02-26"
  },
  {
    "label": "invoice_date",
    "value": "2023-02-12"
  },
  {
    "label": "account_id",
    "value": "1525795596"
  },
  {
    "label": "invoice_id",
    "value": "5743"
  },
  {
    "label": "net_amount",
    "value": "8.15"
  },
  {
    "label": "vat_amount",
    "value": "1.22"
  },
  {
    "label": "payment_id",
    "value": "2028576921"
  },
  {
    "label": "supplier_org_id",
    "value": "2023455585"
  }
]