[
  {
    "label": "total_amount",
    "value": "191.48"
  },
  {
    "label": "currency",
    "value": "DKK"
  },
  {
    "label": "due_date",
    "value": "2025-04-23"
  },
  {
    "label": "invoice_date",
    "value": "2025-03-13"
  },
  {
    "label": "account_id",
    "value": "9146224321"
  },
  {
    "label": "invoice_id",
    "value": "702"
  },
  {
    "label": "net_amount",
    "value": "163.66"
  },
  {
    "label": "vat_amount",
    "value": "27.82"
  },
  {
    "label": "payment_id",
    "value": "172116441"
  },
  {
    "label": "supplier_org_id",
    "value": "7744778614"
  }
]