[
  {
    "label": "total_amount",
    "value": "191.71"
  },
  {
    "label": "currency",
    "value": "DKK"
  },
  {
    "label": "due_date",
    "value": "2026-02-26"
  },
  {
    "label": "invoice_date",
    "value": "2026-01-31"
  },
  {
    "label": "account_id",
    "value": "9465919494"
  },
  {
    "label": "invoice_id",
    "value": "1072"
  },
  {
    "label": "net_amount",
    "value": "174.28"
  },
  {
    "label": "vat_amount",
    "value": "17.43"
  },
  {
    "label": "payment_id",
    "value": "4645405273"
  },
  {
    "label": "supplier_org_id",
    "value": "7591620886"
  }
]