[
  {
    "label": "total_amount",
    "value": "39.21"
  },
  {
    "label": "currency",
    "value": "DKK"
  },
  {
    "label": "due_date",
    "value": "2026-04-11"
  },
  {
    "label": "invoice_date",
    "value": "2026-03-25"
  },
  {
    "label": "account_id",
    "value": "7748905051"
  },
  {
    "label": "invoice_id",
    "value": "3269"
  },
  {
    "label": "net_amount",
    "value": "33.51"
  },
  {
    "label": "vat_amount",
    "value": "5.70"
  },
  {
    "label": "payment_id",
    "value": "2081192746"
  },
  {
    "label": "supplier_org_id",
    "value": "6396139346"
  }
]