[
  {
    "label": "total_amount",
    "value": "85.52"
  },
  {
    "label": "currency",
    "value": "USD"
  },
  {
    "label": "due_date",
    "value": "2024-03-13"
  },
  {
    "label": "invoice_date",
    "value": "2024-02-28"
  },
  {
    "label": "account_id",
    "value": "1027551317"
  },
  {
    "label": "invoice_id",
    "value": "3148"
  },
  {
    "label": "net_amount",
    "value": "81.45"
  },
  {
    "label": "vat_amount",
    "value": "4.07"
  },
  {
    "label": "payment_id",
    "value": "4004661524"
  },
  {
    "label": "supplier_org_id",
    "value": "2884051291"
  }
]