[
  {
    "label": "total_amount",
    "value": "47.52"
  },
  {
    "label": "currency",
    "value": "PLN"
  },
  {
    "label": "due_date",
    "value": "2025-04-17"
  },
  {
    "label": "invoice_date",
    "value": "2025-03-31"
  },
  {
    "label": "account_id",
    "value": "6984330616"
  },
  {
    "label": "invoice_id",
    "value": "7321"
  },
  {
    "label": "net_amount",
    "value": "39.60"
  },
  {
    "label": "vat_amount",
    "value": "7.92"
  },
  {
    "label": "payment_id",
    "value": "9980045132"
  },
  {
    "label": "supplier_org_id",
    "value": "8592413800"
  }
]