[
  {
    "label": "total_amount",
    "value": "446.75"
  },
  {
    "label": "currency",
    "value": "PLN"
  },
  {
    "label": "due_date",
    "value": "2024-11-12"
  },
  {
    "label": "invoice_date",
    "value": "2024-09-25"
  },
  {
    "label": "account_id",
    "value": "3026309361"
  },
  {
    "label": "invoice_id",
    "value": "7785"
  },
  {
    "label": "net_amount",
    "value": "388.48"
  },
  {
    "label": "vat_amount",
    "value": "58.27"
  },
  {
    "label": "payment_id",
    "value": "1504936509"
  },
  {
    "label": "supplier_org_id",
    "value": "9077785650"
  }
]