[
  {
    "label": "total_amount",
    "value": "101.89"
  },
  {
    "label": "currency",
    "value": "NOK"
  },
  {
    "label": "due_date",
    "value": "2026-08-01"
  },
  {
    "label": "invoice_date",
    "value": "2026-07-14"
  },
  {
    "label": "account_id",
    "value": "2880669452"
  },
  {
    "label": "invoice_id",
    "value": "7503"
  },
  {
    "label": "net_amount",
    "value": "97.04"
  },
  {
    "label": "vat_amount",
    "value": "4.85"
  },
  {
    "label": "payment_id",
    "value": "1151497758"
  },
  {
    "label": "supplier_org_id",
    "value": "8566792711"
  }
]