[
  {
    "label": "total_amount",
    "value": "35.97"
  },
  {
    "label": "currency",
    "value": "SEK"
  },
  {
    "label": "due_date",
    "value": "2025-06-12"
  },
  {
    "label": "invoice_date",
    "value": "2025-05-03"
  },
  {
    "label": "account_id",
    "value": "9571525043"
  },
  {
    "label": "invoice_id",
    "value": "9659"
  },
  {
    "label": "net_amount",
    "value": "32.70"
  },
  {
    "label": "vat_amount",
    "value": "3.27"
  },
  {
    "label": "payment_id",
    "value": "8525811308"
  },
  {
    "label": "supplier_org_id",
    "value": "5965244574"
  }
]