[
  {
    "label": "total_amount",
    "value": "353.92"
  },
  {
    "label": "currency",
    "value": "PLN"
  },
  {
    "label": "due_date",
    "value": "2024-10-28"
  },
  {
    "label": "invoice_date",
    "value": "2024-10-11"
  },
  {
    "label": "account_id",
    "value": "5431622842"
  },
  {
    "label": "invoice_id",
    "value": "1952"
  },
  {
    "label": "net_amount",
    "value": "307.76"
  },
  {
    "label": "vat_amount",
    "value": "46.16"
  },
  {
    "label": "payment_id",
    "value": "848731978"
  },
  {
    "label": "supplier_org_id",
    "value": "4403070782"
  }
]