[
  {
    "label": "total_amount",
    "value": "227.12"
  },
  {
    "label": "currency",
    "value": "PLN"
  },
  {
    "label": "due_date",
    "value": "2026-02-03"
  },
  {
    "label": "invoice_date",
    "value": "2025-12-30"
  },
  {
    "label": "account_id",
    "value": "7642850049"
  },
  {
    "label": "invoice_id",
    "value": "1579"
  },
  {
    "label": "net_amount",
    "value": "197.50"
  },
  {
    "label": "vat_amount",
    "value": "29.62"
  },
  {
    "label": "payment_id",
    "value": "7768551741"
  },
  {
    "label": "supplier_org_id",
    "value": "1502045099"
  }
]