[
  {
    "label": "total_amount",
    "value": "34.38"
  },
  {
    "label": "currency",
    "value": "SEK"
  },
  {
    "label": "due_date",
    "value": "2028-01-19"
  },
  {
    "label": "invoice_date",
    "value": "2027-12-05"
  },
  {
    "label": "account_id",
    "value": "4838286011"
  },
  {
    "label": "invoice_id",
    "value": "5993"
  },
  {
    "label": "net_amount",
    "value": "32.74"
  },
  {
    "label": "vat_amount",
    "value": "1.64"
  },
  {
    "label": "payment_id",
    "value": "3892229907"
  },
  {
    "label": "supplier_org_id",
    "value": "1333634676"
  }
]