[
  {
    "label": "total_amount",
    "value": "65.05"
  },
  {
    "label": "currency",
    "value": "SEK"
  },
  {
    "label": "due_date",
    "value": "2026-11-25"
  },
  {
    "label": "invoice_date",
    "value": "2026-10-24"
  },
  {
    "label": "account_id",
    "value": "5098359714"
  },
  {
    "label": "invoice_id",
    "value": "7040"
  },
  {
    "label": "net_amount",
    "value": "61.95"
  },
  {
    "label": "vat_amount",
    "value": "3.10"
  },
  {
    "label": "payment_id",
    "value": "541113631"
  },
  {
    "label": "supplier_org_id",
    "value": "5133496890"
  }
]