[
  {
    "label": "total_amount",
    "value": "82.50"
  },
  {
    "label": "currency",
    "value": "EUR"
  },
  {
    "label": "due_date",
    "value": "2025-05-05"
  },
  {
    "label": "invoice_date",
    "value": "2025-04-05"
  },
  {
    "label": "account_id",
    "value": "1515675814"
  },
  {
    "label": "invoice_id",
    "value": "5936"
  },
  {
    "label": "net_amount",
    "value": "75.00"
  },
  {
    "label": "vat_amount",
    "value": "7.50"
  },
  {
    "label": "payment_id",
    "value": "9548040471"
  },
  {
    "label": "supplier_org_id",
    "value": "3217849283"
  }
]