[
  {
    "label": "total_amount",
    "value": "4.75"
  },
  {
    "label": "currency",
    "value": "DKK"
  },
  {
    "label": "due_date",
    "value": "2022-11-25"
  },
  {
    "label": "invoice_date",
    "value": "2022-10-16"
  },
  {
    "label": "account_id",
    "value": "8238540820"
  },
  {
    "label": "invoice_id",
    "value": "6649"
  },
  {
    "label": "net_amount",
    "value": "4.32"
  },
  {
    "label": "vat_amount",
    "value": "0.43"
  },
  {
    "label": "payment_id",
    "value": "8782382350"
  },
  {
    "label": "supplier_org_id",
    "value": "7906484249"
  }
]