[
  {
    "label": "total_amount",
    "value": "88.49"
  },
  {
    "label": "currency",
    "value": "NOK"
  },
  {
    "label": "due_date",
    "value": "2027-05-24"
  },
  {
    "label": "invoice_date",
    "value": "2027-04-28"
  },
  {
    "label": "account_id",
    "value": "4054337851"
  },
  {
    "label": "invoice_id",
    "value": "7654"
  },
  {
    "label": "net_amount",
    "value": "76.95"
  },
  {
    "label": "vat_amount",
    "value": "11.54"
  },
  {
    "label": "payment_id",
    "value": "4226128560"
  },
  {
    "label": "supplier_org_id",
    "value": "1038856462"
  }
]