[
  {
    "label": "total_amount",
    "value": "193.55"
  },
  {
    "label": "currency",
    "value": "NOK"
  },
  {
    "label": "due_date",
    "value": "2027-08-22"
  },
  {
    "label": "invoice_date",
    "value": "2027-07-04"
  },
  {
    "label": "account_id",
    "value": "3565286375"
  },
  {
    "label": "invoice_id",
    "value": "8571"
  },
  {
    "label": "net_amount",
    "value": "154.84"
  },
  {
    "label": "vat_amount",
    "value": "38.71"
  },
  {
    "label": "payment_id",
    "value": "717685129"
  },
  {
    "label": "supplier_org_id",
    "value": "1181658837"
  }
]