[
  {
    "label": "total_amount",
    "value": "360.12"
  },
  {
    "label": "currency",
    "value": "EUR"
  },
  {
    "label": "due_date",
    "value": "2027-06-25"
  },
  {
    "label": "invoice_date",
    "value": "2027-05-21"
  },
  {
    "label": "account_id",
    "value": "1019089614"
  },
  {
    "label": "invoice_id",
    "value": "8632"
  },
  {
    "label": "net_amount",
    "value": "288.10"
  },
  {
    "label": "vat_amount",
    "value": "72.02"
  },
  {
    "label": "payment_id",
    "value": "2870597357"
  },
  {
    "label": "supplier_org_id",
    "value": "1884500534"
  }
]