[
  {
    "label": "total_amount",
    "value": "87.68"
  },
  {
    "label": "currency",
    "value": "PLN"
  },
  {
    "label": "due_date",
    "value": "2023-07-05"
  },
  {
    "label": "invoice_date",
    "value": "2023-06-03"
  },
  {
    "label": "account_id",
    "value": "6987637378"
  },
  {
    "label": "invoice_id",
    "value": "2292"
  },
  {
    "label": "net_amount",
    "value": "74.94"
  },
  {
    "label": "vat_amount",
    "value": "12.74"
  },
  {
    "label": "payment_id",
    "value": "3192844075"
  },
  {
    "label": "supplier_org_id",
    "value": "2796810057"
  }
]