[
  {
    "label": "total_amount",
    "value": "445.62"
  },
  {
    "label": "currency",
    "value": "USD"
  },
  {
    "label": "due_date",
    "value": "2024-01-19"
  },
  {
    "label": "invoice_date",
    "value": "2023-12-09"
  },
  {
    "label": "account_id",
    "value": "2915059576"
  },
  {
    "label": "invoice_id",
    "value": "3654"
  },
  {
    "label": "net_amount",
    "value": "356.50"
  },
  {
    "label": "vat_amount",
    "value": "89.12"
  },
  {
    "label": "payment_id",
    "value": "1499829806"
  },
  {
    "label": "supplier_org_id",
    "value": "5106549739"
  }
]