[
  {
    "label": "total_amount",
    "value": "103.76"
  },
  {
    "label": "currency",
    "value": "PLN"
  },
  {
    "label": "due_date",
    "value": "2023-01-26"
  },
  {
    "label": "invoice_date",
    "value": "2022-12-14"
  },
  {
    "label": "account_id",
    "value": "1865685931"
  },
  {
    "label": "invoice_id",
    "value": "1159"
  },
  {
    "label": "net_amount",
    "value": "90.23"
  },
  {
    "label": "vat_amount",
    "value": "13.53"
  },
  {
    "label": "payment_id",
    "value": "8650574466"
  },
  {
    "label": "supplier_org_id",
    "value": "3477136862"
  }
]