[
  {
    "label": "total_amount",
    "value": "80.56"
  },
  {
    "label": "currency",
    "value": "PLN"
  },
  {
    "label": "due_date",
    "value": "2024-04-28"
  },
  {
    "label": "invoice_date",
    "value": "2024-03-27"
  },
  {
    "label": "account_id",
    "value": "9030342172"
  },
  {
    "label": "invoice_id",
    "value": "8654"
  },
  {
    "label": "net_amount",
    "value": "76.72"
  },
  {
    "label": "vat_amount",
    "value": "3.84"
  },
  {
    "label": "payment_id",
    "value": "4689892794"
  },
  {
    "label": "supplier_org_id",
    "value": "9880789377"
  }
]