[
  {
    "label": "total_amount",
    "value": "196.56"
  },
  {
    "label": "currency",
    "value": "SEK"
  },
  {
    "label": "due_date",
    "value": "2023-06-19"
  },
  {
    "label": "invoice_date",
    "value": "2023-05-02"
  },
  {
    "label": "account_id",
    "value": "4953315207"
  },
  {
    "label": "invoice_id",
    "value": "1577"
  },
  {
    "label": "net_amount",
    "value": "168.00"
  },
  {
    "label": "vat_amount",
    "value": "28.56"
  },
  {
    "label": "payment_id",
    "value": "3004360271"
  },
  {
    "label": "supplier_org_id",
    "value": "6898487733"
  }
]