[
  {
    "label": "total_amount",
    "value": "257.80"
  },
  {
    "label": "currency",
    "value": "USD"
  },
  {
    "label": "due_date",
    "value": "2023-12-16"
  },
  {
    "label": "invoice_date",
    "value": "2023-11-07"
  },
  {
    "label": "account_id",
    "value": "4853676479"
  },
  {
    "label": "invoice_id",
    "value": "4542"
  },
  {
    "label": "net_amount",
    "value": "206.24"
  },
  {
    "label": "vat_amount",
    "value": "51.56"
  },
  {
    "label": "payment_id",
    "value": "1792245558"
  },
  {
    "label": "supplier_org_id",
    "value": "2009143108"
  }
]