[
  {
    "label": "total_amount",
    "value": "200.57"
  },
  {
    "label": "currency",
    "value": "NOK"
  },
  {
    "label": "due_date",
    "value": "2025-10-10"
  },
  {
    "label": "invoice_date",
    "value": "2025-08-28"
  },
  {
    "label": "account_id",
    "value": "4221638428"
  },
  {
    "label": "invoice_id",
    "value": "5921"
  },
  {
    "label": "net_amount",
    "value": "182.34"
  },
  {
    "label": "vat_amount",
    "value": "18.23"
  },
  {
    "label": "payment_id",
    "value": "2005908407"
  },
  {
    "label": "supplier_org_id",
    "value": "4651029621"
  }
]