[
  {
    "label": "total_amount",
    "value": "57.24"
  },
  {
    "label": "currency",
    "value": "PLN"
  },
  {
    "label": "due_date",
    "value": "2026-12-13"
  },
  {
    "label": "invoice_date",
    "value": "2026-11-05"
  },
  {
    "label": "account_id",
    "value": "7488554127"
  },
  {
    "label": "invoice_id",
    "value": "2450"
  },
  {
    "label": "net_amount",
    "value": "47.70"
  },
  {
    "label": "vat_amount",
    "value": "9.54"
  },
  {
    "label": "payment_id",
    "value": "8113621051"
  },
  {
    "label": "supplier_org_id",
    "value": "6867424295"
  }
]