[
  {
    "label": "total_amount",
    "value": "154.49"
  },
  {
    "label": "currency",
    "value": "USD"
  },
  {
    "label": "due_date",
    "value": "2023-02-27"
  },
  {
    "label": "invoice_date",
    "value": "2023-01-16"
  },
  {
    "label": "account_id",
    "value": "3367183643"
  },
  {
    "label": "invoice_id",
    "value": "1610"
  },
  {
    "label": "net_amount",
    "value": "132.04"
  },
  {
    "label": "vat_amount",
    "value": "22.45"
  },
  {
    "label": "payment_id",
    "value": "3604103538"
  },
  {
    "label": "supplier_org_id",
    "value": "5038718126"
  }
]