[
  {
    "label": "total_amount",
    "value": "295.78"
  },
  {
    "label": "currency",
    "value": "USD"
  },
  {
    "label": "due_date",
    "value": "2023-11-01"
  },
  {
    "label": "invoice_date",
    "value": "2023-10-02"
  },
  {
    "label": "account_id",
    "value": "4832310958"
  },
  {
    "label": "invoice_id",
    "value": "9171"
  },
  {
    "label": "net_amount",
    "value": "252.80"
  },
  {
    "label": "vat_amount",
    "value": "42.98"
  },
  {
    "label": "payment_id",
    "value": "7260404738"
  },
  {
    "label": "supplier_org_id",
    "value": "2054805536"
  }
]