[
  {
    "label": "total_amount",
    "value": "435.12"
  },
  {
    "label": "currency",
    "value": "PLN"
  },
  {
    "label": "due_date",
    "value": "2026-06-11"
  },
  {
    "label": "invoice_date",
    "value": "2026-05-07"
  },
  {
    "label": "account_id",
    "value": "7013025714"
  },
  {
    "label": "invoice_id",
    "value": "1912"
  },
  {
    "label": "net_amount",
    "value": "371.90"
  },
  {
    "label": "vat_amount",
    "value": "63.22"
  },
  {
    "label": "payment_id",
    "value": "2297055065"
  },
  {
    "label": "supplier_org_id",
    "value": "9812949234"
  }
]