[
  {
    "label": "total_amount",
    "value": "2.86"
  },
  {
    "label": "currency",
    "value": "PLN"
  },
  {
    "label": "due_date",
    "value": "2026-12-28"
  },
  {
    "label": "invoice_date",
    "value": "2026-12-12"
  },
  {
    "label": "account_id",
    "value": "9951275546"
  },
  {
    "label": "invoice_id",
    "value": "2536"
  },
  {
    "label": "net_amount",
    "value": "2.38"
  },
  {
    "label": "vat_amount",
    "value": "0.48"
  },
  {
    "label": "payment_id",
    "value": "6524844796"
  },
  {
    "label": "supplier_org_id",
    "value": "6785451056"
  }
]