[
  {
    "label": "total_amount",
    "value": "308.09"
  },
  {
    "label": "currency",
    "value": "DKK"
  },
  {
    "label": "due_date",
    "value": "2022-12-09"
  },
  {
    "label": "invoice_date",
    "value": "2022-11-03"
  },
  {
    "label": "account_id",
    "value": "5300104910"
  },
  {
    "label": "invoice_id",
    "value": "6419"
  },
  {
    "label": "net_amount",
    "value": "256.74"
  },
  {
    "label": "vat_amount",
    "value": "51.35"
  },
  {
    "label": "payment_id",
    "value": "5861184718"
  },
  {
    "label": "supplier_org_id",
    "value": "5182982440"
  }
]