[
  {
    "label": "total_amount",
    "value": "135.91"
  },
  {
    "label": "currency",
    "value": "DKK"
  },
  {
    "label": "due_date",
    "value": "2027-12-05"
  },
  {
    "label": "invoice_date",
    "value": "2027-11-01"
  },
  {
    "label": "account_id",
    "value": "5070314211"
  },
  {
    "label": "invoice_id",
    "value": "4002"
  },
  {
    "label": "net_amount",
    "value": "118.18"
  },
  {
    "label": "vat_amount",
    "value": "17.73"
  },
  {
    "label": "payment_id",
    "value": "9974301517"
  },
  {
    "label": "supplier_org_id",
    "value": "8262624890"
  }
]