[
  {
    "label": "total_amount",
    "value": "332.10"
  },
  {
    "label": "currency",
    "value": "EUR"
  },
  {
    "label": "due_date",
    "value": "2025-08-09"
  },
  {
    "label": "invoice_date",
    "value": "2025-07-21"
  },
  {
    "label": "account_id",
    "value": "4355808755"
  },
  {
    "label": "invoice_id",
    "value": "8841"
  },
  {
    "label": "net_amount",
    "value": "283.85"
  },
  {
    "label": "vat_amount",
    "value": "48.25"
  },
  {
    "label": "payment_id",
    "value": "6449853619"
  },
  {
    "label": "supplier_org_id",
    "value": "3953169514"
  }
]