[
  {
    "label": "total_amount",
    "value": "6.01"
  },
  {
    "label": "currency",
    "value": "USD"
  },
  {
    "label": "due_date",
    "value": "2026-11-14"
  },
  {
    "label": "invoice_date",
    "value": "2026-10-17"
  },
  {
    "label": "account_id",
    "value": "1149946463"
  },
  {
    "label": "invoice_id",
    "value": "377"
  },
  {
    "label": "net_amount",
    "value": "4.81"
  },
  {
    "label": "vat_amount",
    "value": "1.20"
  },
  {
    "label": "payment_id",
    "value": "371929988"
  },
  {
    "label": "supplier_org_id",
    "value": "9156737825"
  }
]