[
  {
    "label": "total_amount",
    "value": "166.75"
  },
  {
    "label": "currency",
    "value": "EUR"
  },
  {
    "label": "due_date",
    "value": "2023-06-29"
  },
  {
    "label": "invoice_date",
    "value": "2023-06-07"
  },
  {
    "label": "account_id",
    "value": "6570452880"
  },
  {
    "label": "invoice_id",
    "value": "3004"
  },
  {
    "label": "net_amount",
    "value": "138.96"
  },
  {
    "label": "vat_amount",
    "value": "27.79"
  },
  {
    "label": "payment_id",
    "value": "6329801848"
  },
  {
    "label": "supplier_org_id",
    "value": "9335565493"
  }
]