[
  {
    "label": "total_amount",
    "value": "62.52"
  },
  {
    "label": "currency",
    "value": "USD"
  },
  {
    "label": "due_date",
    "value": "2024-08-08"
  },
  {
    "label": "invoice_date",
    "value": "2024-07-12"
  },
  {
    "label": "account_id",
    "value": "3242770597"
  },
  {
    "label": "invoice_id",
    "value": "192"
  },
  {
    "label": "net_amount",
    "value": "53.44"
  },
  {
    "label": "vat_amount",
    "value": "9.08"
  },
  {
    "label": "payment_id",
    "value": "201647120"
  },
  {
    "label": "supplier_org_id",
    "value": "4862292180"
  }
]