[
  {
    "label": "total_amount",
    "value": "150.74"
  },
  {
    "label": "currency",
    "value": "USD"
  },
  {
    "label": "due_date",
    "value": "2025-09-17"
  },
  {
    "label": "invoice_date",
    "value": "2025-08-07"
  },
  {
    "label": "account_id",
    "value": "5448066678"
  },
  {
    "label": "invoice_id",
    "value": "8211"
  },
  {
    "label": "net_amount",
    "value": "137.04"
  },
  {
    "label": "vat_amount",
    "value": "13.70"
  },
  {
    "label": "payment_id",
    "value": "9816697482"
  },
  {
    "label": "supplier_org_id",
    "value": "3368799871"
  }
]