[
  {
    "label": "total_amount",
    "value": "319.07"
  },
  {
    "label": "currency",
    "value": "SEK"
  },
  {
    "label": "due_date",
    "value": "2025-05-26"
  },
  {
    "label": "invoice_date",
    "value": "2025-04-11"
  },
  {
    "label": "account_id",
    "value": "4472943072"
  },
  {
    "label": "invoice_id",
    "value": "8312"
  },
  {
    "label": "net_amount",
    "value": "265.89"
  },
  {
    "label": "vat_amount",
    "value": "53.18"
  },
  {
    "label": "payment_id",
    "value": "1399921645"
  },
  {
    "label": "supplier_org_id",
    "value": "7199124880"
  }
]