[
  {
    "label": "total_amount",
    "value": "27.51"
  },
  {
    "label": "currency",
    "value": "DKK"
  },
  {
    "label": "due_date",
    "value": "2025-02-11"
  },
  {
    "label": "invoice_date",
    "value": "2025-01-05"
  },
  {
    "label": "account_id",
    "value": "5801304620"
  },
  {
    "label": "invoice_id",
    "value": "2447"
  },
  {
    "label": "net_amount",
    "value": "23.92"
  },
  {
    "label": "vat_amount",
    "value": "3.59"
  },
  {
    "label": "payment_id",
    "value": "1532833450"
  },
  {
    "label": "supplier_org_id",
    "value": "5687787838"
  }
]