[
  {
    "label": "total_amount",
    "value": "202.13"
  },
  {
    "label": "currency",
    "value": "EUR"
  },
  {
    "label": "due_date",
    "value": "2025-02-25"
  },
  {
    "label": "invoice_date",
    "value": "2025-01-15"
  },
  {
    "label": "account_id",
    "value": "9448298356"
  },
  {
    "label": "invoice_id",
    "value": "1156"
  },
  {
    "label": "net_amount",
    "value": "168.44"
  },
  {
    "label": "vat_amount",
    "value": "33.69"
  },
  {
    "label": "payment_id",
    "value": "2604448256"
  },
  {
    "label": "supplier_org_id",
    "value": "7468562764"
  }
]