[
  {
    "label": "total_amount",
    "value": "79.98"
  },
  {
    "label": "currency",
    "value": "USD"
  },
  {
    "label": "due_date",
    "value": "2027-06-09"
  },
  {
    "label": "invoice_date",
    "value": "2027-05-26"
  },
  {
    "label": "account_id",
    "value": "5731309012"
  },
  {
    "label": "invoice_id",
    "value": "696"
  },
  {
    "label": "net_amount",
    "value": "69.55"
  },
  {
    "label": "vat_amount",
    "value": "10.43"
  },
  {
    "label": "payment_id",
    "value": "8263292780"
  },
  {
    "label": "supplier_org_id",
    "value": "9971595256"
  }
]