[
  {
    "label": "total_amount",
    "value": "264.41"
  },
  {
    "label": "currency",
    "value": "EUR"
  },
  {
    "label": "due_date",
    "value": "2023-09-07"
  },
  {
    "label": "invoice_date",
    "value": "2023-08-11"
  },
  {
    "label": "account_id",
    "value": "3400106509"
  },
  {
    "label": "invoice_id",
    "value": "462"
  },
  {
    "label": "net_amount",
    "value": "229.92"
  },
  {
    "label": "vat_amount",
    "value": "34.49"
  },
  {
    "label": "payment_id",
    "value": "4904448761"
  },
  {
    "label": "supplier_org_id",
    "value": "2607904598"
  }
]