[
  {
    "label": "total_amount",
    "value": "419.23"
  },
  {
    "label": "currency",
    "value": "SEK"
  },
  {
    "label": "due_date",
    "value": "2023-09-04"
  },
  {
    "label": "invoice_date",
    "value": "2023-07-26"
  },
  {
    "label": "account_id",
    "value": "9186373411"
  },
  {
    "label": "invoice_id",
    "value": "1112"
  },
  {
    "label": "net_amount",
    "value": "349.36"
  },
  {
    "label": "vat_amount",
    "value": "69.87"
  },
  {
    "label": "payment_id",
    "value": "1736212626"
  },
  {
    "label": "supplier_org_id",
    "value": "3311496874"
  }
]