[
  {
    "label": "total_amount",
    "value": "208.38"
  },
  {
    "label": "currency",
    "value": "USD"
  },
  {
    "label": "due_date",
    "value": "2023-09-16"
  },
  {
    "label": "invoice_date",
    "value": "2023-08-29"
  },
  {
    "label": "account_id",
    "value": "7119891026"
  },
  {
    "label": "invoice_id",
    "value": "4815"
  },
  {
    "label": "net_amount",
    "value": "189.44"
  },
  {
    "label": "vat_amount",
    "value": "18.94"
  },
  {
    "label": "payment_id",
    "value": "3208592409"
  },
  {
    "label": "supplier_org_id",
    "value": "1835011142"
  }
]