[
  {
    "label": "total_amount",
    "value": "429.41"
  },
  {
    "label": "currency",
    "value": "PLN"
  },
  {
    "label": "due_date",
    "value": "2025-02-24"
  },
  {
    "label": "invoice_date",
    "value": "2025-02-05"
  },
  {
    "label": "account_id",
    "value": "5693324932"
  },
  {
    "label": "invoice_id",
    "value": "914"
  },
  {
    "label": "net_amount",
    "value": "373.40"
  },
  {
    "label": "vat_amount",
    "value": "56.01"
  },
  {
    "label": "payment_id",
    "value": "5020007961"
  },
  {
    "label": "supplier_org_id",
    "value": "9490237202"
  }
]