[
  {
    "label": "total_amount",
    "value": "7.09"
  },
  {
    "label": "currency",
    "value": "USD"
  },
  {
    "label": "due_date",
    "value": "2026-09-14"
  },
  {
    "label": "invoice_date",
    "value": "2026-08-11"
  },
  {
    "label": "account_id",
    "value": "1335299473"
  },
  {
    "label": "invoice_id",
    "value": "9429"
  },
  {
    "label": "net_amount",
    "value": "6.75"
  },
  {
    "label": "vat_amount",
    "value": "0.34"
  },
  {
    "label": "payment_id",
    "value": "8203441587"
  },
  {
    "label": "supplier_org_id",
    "value": "6098004119"
  }
]