[
  {
    "label": "total_amount",
    "value": "239.77"
  },
  {
    "label": "currency",
    "value": "DKK"
  },
  {
    "label": "due_date",
    "value": "2023-02-21"
  },
  {
    "label": "invoice_date",
    "value": "2023-01-22"
  },
  {
    "label": "account_id",
    "value": "9756831634"
  },
  {
    "label": "invoice_id",
    "value": "7159"
  },
  {
    "label": "net_amount",
    "value": "228.35"
  },
  {
    "label": "vat_amount",
    "value": "11.42"
  },
  {
    "label": "payment_id",
    "value": "2623381252"
  },
  {
    "label": "supplier_org_id",
    "value": "6503000963"
  }
]