[
  {
    "label": "total_amount",
    "value": "189.48"
  },
  {
    "label": "currency",
    "value": "NOK"
  },
  {
    "label": "due_date",
    "value": "2026-11-08"
  },
  {
    "label": "invoice_date",
    "value": "2026-10-15"
  },
  {
    "label": "account_id",
    "value": "6319235566"
  },
  {
    "label": "invoice_id",
    "value": "1695"
  },
  {
    "label": "net_amount",
    "value": "172.25"
  },
  {
    "label": "vat_amount",
    "value": "17.23"
  },
  {
    "label": "payment_id",
    "value": "895918153"
  },
  {
    "label": "supplier_org_id",
    "value": "9129261009"
  }
]