[
  {
    "label": "total_amount",
    "value": "41.56"
  },
  {
    "label": "currency",
    "value": "USD"
  },
  {
    "label": "due_date",
    "value": "2023-07-26"
  },
  {
    "label": "invoice_date",
    "value": "2023-06-26"
  },
  {
    "label": "account_id",
    "value": "8124753226"
  },
  {
    "label": "invoice_id",
    "value": "8845"
  },
  {
    "label": "net_amount",
    "value": "39.58"
  },
  {
    "label": "vat_amount",
    "value": "1.98"
  },
  {
    "label": "payment_id",
    "value": "9109999655"
  },
  {
    "label": "supplier_org_id",
    "value": "6235890056"
  }
]