[
  {
    "label": "total_amount",
    "value": "29.76"
  },
  {
    "label": "currency",
    "value": "USD"
  },
  {
    "label": "due_date",
    "value": "2027-02-16"
  },
  {
    "label": "invoice_date",
    "value": "2026-12-31"
  },
  {
    "label": "account_id",
    "value": "2504932007"
  },
  {
    "label": "invoice_id",
    "value": "4693"
  },
  {
    "label": "net_amount",
    "value": "24.80"
  },
  {
    "label": "vat_amount",
    "value": "4.96"
  },
  {
    "label": "payment_id",
    "value": "2252757811"
  },
  {
    "label": "supplier_org_id",
    "value": "8326065105"
  }
]