[
  {
    "label": "total_amount",
    "value": "162.56"
  },
  {
    "label": "currency",
    "value": "DKK"
  },
  {
    "label": "due_date",
    "value": "2027-03-10"
  },
  {
    "label": "invoice_date",
    "value": "2027-02-08"
  },
  {
    "label": "account_id",
    "value": "4249053787"
  },
  {
    "label": "invoice_id",
    "value": "8169"
  },
  {
    "label": "net_amount",
    "value": "130.05"
  },
  {
    "label": "vat_amount",
    "value": "32.51"
  },
  {
    "label": "payment_id",
    "value": "4028170426"
  },
  {
    "label": "supplier_org_id",
    "value": "2775839985"
  }
]