[
  {
    "label": "total_amount",
    "value": "49.49"
  },
  {
    "label": "currency",
    "value": "DKK"
  },
  {
    "label": "due_date",
    "value": "2022-11-12"
  },
  {
    "label": "invoice_date",
    "value": "2022-09-26"
  },
  {
    "label": "account_id",
    "value": "6424903967"
  },
  {
    "label": "invoice_id",
    "value": "8982"
  },
  {
    "label": "net_amount",
    "value": "41.24"
  },
  {
    "label": "vat_amount",
    "value": "8.25"
  },
  {
    "label": "payment_id",
    "value": "6139906023"
  },
  {
    "label": "supplier_org_id",
    "value": "8948061312"
  }
]