[
  {
    "label": "total_amount",
    "value": "173.18"
  },
  {
    "label": "currency",
    "value": "EUR"
  },
  {
    "label": "due_date",
    "value": "2026-03-29"
  },
  {
    "label": "invoice_date",
    "value": "2026-02-13"
  },
  {
    "label": "account_id",
    "value": "6164321199"
  },
  {
    "label": "invoice_id",
    "value": "9645"
  },
  {
    "label": "net_amount",
    "value": "157.44"
  },
  {
    "label": "vat_amount",
    "value": "15.74"
  },
  {
    "label": "payment_id",
    "value": "5574249781"
  },
  {
    "label": "supplier_org_id",
    "value": "2660316954"
  }
]