[
  {
    "label": "total_amount",
    "value": "184.53"
  },
  {
    "label": "currency",
    "value": "NOK"
  },
  {
    "label": "due_date",
    "value": "2026-01-15"
  },
  {
    "label": "invoice_date",
    "value": "2025-12-10"
  },
  {
    "label": "account_id",
    "value": "2549521472"
  },
  {
    "label": "invoice_id",
    "value": "4129"
  },
  {
    "label": "net_amount",
    "value": "175.74"
  },
  {
    "label": "vat_amount",
    "value": "8.79"
  },
  {
    "label": "payment_id",
    "value": "8548543762"
  },
  {
    "label": "supplier_org_id",
    "value": "7186260469"
  }
]