[
  {
    "label": "total_amount",
    "value": "26.36"
  },
  {
    "label": "currency",
    "value": "USD"
  },
  {
    "label": "due_date",
    "value": "2023-01-26"
  },
  {
    "label": "invoice_date",
    "value": "2023-01-09"
  },
  {
    "label": "account_id",
    "value": "6441868522"
  },
  {
    "label": "invoice_id",
    "value": "9680"
  },
  {
    "label": "net_amount",
    "value": "22.92"
  },
  {
    "label": "vat_amount",
    "value": "3.44"
  },
  {
    "label": "payment_id",
    "value": "3500709219"
  },
  {
    "label": "supplier_org_id",
    "value": "9116248768"
  }
]