[
  {
    "label": "total_amount",
    "value": "49.95"
  },
  {
    "label": "currency",
    "value": "DKK"
  },
  {
    "label": "due_date",
    "value": "2023-11-09"
  },
  {
    "label": "invoice_date",
    "value": "2023-10-02"
  },
  {
    "label": "account_id",
    "value": "9458534287"
  },
  {
    "label": "invoice_id",
    "value": "1408"
  },
  {
    "label": "net_amount",
    "value": "47.57"
  },
  {
    "label": "vat_amount",
    "value": "2.38"
  },
  {
    "label": "payment_id",
    "value": "128271467"
  },
  {
    "label": "supplier_org_id",
    "value": "4030640912"
  }
]