[
  {
    "label": "total_amount",
    "value": "189.55"
  },
  {
    "label": "currency",
    "value": "DKK"
  },
  {
    "label": "due_date",
    "value": "2023-06-25"
  },
  {
    "label": "invoice_date",
    "value": "2023-05-24"
  },
  {
    "label": "account_id",
    "value": "8982877470"
  },
  {
    "label": "invoice_id",
    "value": "4744"
  },
  {
    "label": "net_amount",
    "value": "172.32"
  },
  {
    "label": "vat_amount",
    "value": "17.23"
  },
  {
    "label": "payment_id",
    "value": "8638588053"
  },
  {
    "label": "supplier_org_id",
    "value": "7331815497"
  }
]