[
  {
    "label": "total_amount",
    "value": "259.49"
  },
  {
    "label": "currency",
    "value": "EUR"
  },
  {
    "label": "due_date",
    "value": "2025-08-23"
  },
  {
    "label": "invoice_date",
    "value": "2025-08-02"
  },
  {
    "label": "account_id",
    "value": "3667204669"
  },
  {
    "label": "invoice_id",
    "value": "9961"
  },
  {
    "label": "net_amount",
    "value": "235.90"
  },
  {
    "label": "vat_amount",
    "value": "23.59"
  },
  {
    "label": "payment_id",
    "value": "2729751489"
  },
  {
    "label": "supplier_org_id",
    "value": "9088038251"
  }
]