[
  {
    "label": "total_amount",
    "value": "230.40"
  },
  {
    "label": "currency",
    "value": "EUR"
  },
  {
    "label": "due_date",
    "value": "2027-08-26"
  },
  {
    "label": "invoice_date",
    "value": "2027-07-19"
  },
  {
    "label": "account_id",
    "value": "9880842814"
  },
  {
    "label": "invoice_id",
    "value": "9771"
  },
  {
    "label": "net_amount",
    "value": "184.32"
  },
  {
    "label": "vat_amount",
    "value": "46.08"
  },
  {
    "label": "payment_id",
    "value": "4880039747"
  },
  {
    "label": "supplier_org_id",
    "value": "8667902479"
  }
]