[
  {
    "label": "total_amount",
    "value": "79.70"
  },
  {
    "label": "currency",
    "value": "PLN"
  },
  {
    "label": "due_date",
    "value": "2025-09-21"
  },
  {
    "label": "invoice_date",
    "value": "2025-08-17"
  },
  {
    "label": "account_id",
    "value": "3008415785"
  },
  {
    "label": "invoice_id",
    "value": "2389"
  },
  {
    "label": "net_amount",
    "value": "68.12"
  },
  {
    "label": "vat_amount",
    "value": "11.58"
  },
  {
    "label": "payment_id",
    "value": "6162561946"
  },
  {
    "label": "supplier_org_id",
    "value": "6001167931"
  }
]