[
  {
    "label": "total_amount",
    "value": "151.07"
  },
  {
    "label": "currency",
    "value": "SEK"
  },
  {
    "label": "due_date",
    "value": "2023-06-24"
  },
  {
    "label": "invoice_date",
    "value": "2023-06-02"
  },
  {
    "label": "account_id",
    "value": "2452014513"
  },
  {
    "label": "invoice_id",
    "value": "6444"
  },
  {
    "label": "net_amount",
    "value": "120.86"
  },
  {
    "label": "vat_amount",
    "value": "30.21"
  },
  {
    "label": "payment_id",
    "value": "1571279095"
  },
  {
    "label": "supplier_org_id",
    "value": "2453666229"
  }
]