[
  {
    "label": "total_amount",
    "value": "68.50"
  },
  {
    "label": "currency",
    "value": "PLN"
  },
  {
    "label": "due_date",
    "value": "2024-04-20"
  },
  {
    "label": "invoice_date",
    "value": "2024-03-19"
  },
  {
    "label": "account_id",
    "value": "2399603294"
  },
  {
    "label": "invoice_id",
    "value": "8933"
  },
  {
    "label": "net_amount",
    "value": "57.08"
  },
  {
    "label": "vat_amount",
    "value": "11.42"
  },
  {
    "label": "payment_id",
    "value": "7506225574"
  },
  {
    "label": "supplier_org_id",
    "value": "7772050436"
  }
]