[
  {
    "label": "total_amount",
    "value": "208.54"
  },
  {
    "label": "currency",
    "value": "EUR"
  },
  {
    "label": "due_date",
    "value": "2028-01-14"
  },
  {
    "label": "invoice_date",
    "value": "2027-11-30"
  },
  {
    "label": "account_id",
    "value": "7764688090"
  },
  {
    "label": "invoice_id",
    "value": "2203"
  },
  {
    "label": "net_amount",
    "value": "178.24"
  },
  {
    "label": "vat_amount",
    "value": "30.30"
  },
  {
    "label": "payment_id",
    "value": "9086684128"
  },
  {
    "label": "supplier_org_id",
    "value": "7421525081"
  }
]