[
  {
    "label": "total_amount",
    "value": "193.02"
  },
  {
    "label": "currency",
    "value": "NOK"
  },
  {
    "label": "due_date",
    "value": "2025-02-22"
  },
  {
    "label": "invoice_date",
    "value": "2025-01-03"
  },
  {
    "label": "account_id",
    "value": "1122736983"
  },
  {
    "label": "invoice_id",
    "value": "2859"
  },
  {
    "label": "net_amount",
    "value": "175.47"
  },
  {
    "label": "vat_amount",
    "value": "17.55"
  },
  {
    "label": "payment_id",
    "value": "3482618114"
  },
  {
    "label": "supplier_org_id",
    "value": "6355763004"
  }
]