[
  {
    "label": "total_amount",
    "value": "108.84"
  },
  {
    "label": "currency",
    "value": "EUR"
  },
  {
    "label": "due_date",
    "value": "2026-03-13"
  },
  {
    "label": "invoice_date",
    "value": "2026-02-27"
  },
  {
    "label": "account_id",
    "value": "9985421294"
  },
  {
    "label": "invoice_id",
    "value": "6281"
  },
  {
    "label": "net_amount",
    "value": "87.07"
  },
  {
    "label": "vat_amount",
    "value": "21.77"
  },
  {
    "label": "payment_id",
    "value": "3703844643"
  },
  {
    "label": "supplier_org_id",
    "value": "2685191948"
  }
]