[
  {
    "label": "total_amount",
    "value": "160.71"
  },
  {
    "label": "currency",
    "value": "USD"
  },
  {
    "label": "due_date",
    "value": "2022-11-19"
  },
  {
    "label": "invoice_date",
    "value": "2022-10-16"
  },
  {
    "label": "account_id",
    "value": "5266370008"
  },
  {
    "label": "invoice_id",
    "value": "5040"
  },
  {
    "label": "net_amount",
    "value": "137.36"
  },
  {
    "label": "vat_amount",
    "value": "23.35"
  },
  {
    "label": "payment_id",
    "value": "3824759795"
  },
  {
    "label": "supplier_org_id",
    "value": "4777973548"
  }
]