[
  {
    "label": "total_amount",
    "value": "173.37"
  },
  {
    "label": "currency",
    "value": "PLN"
  },
  {
    "label": "due_date",
    "value": "2025-10-14"
  },
  {
    "label": "invoice_date",
    "value": "2025-09-01"
  },
  {
    "label": "account_id",
    "value": "2123942656"
  },
  {
    "label": "invoice_id",
    "value": "2466"
  },
  {
    "label": "net_amount",
    "value": "150.76"
  },
  {
    "label": "vat_amount",
    "value": "22.61"
  },
  {
    "label": "payment_id",
    "value": "373682977"
  },
  {
    "label": "supplier_org_id",
    "value": "8352915233"
  }
]