[
  {
    "label": "total_amount",
    "value": "199.56"
  },
  {
    "label": "currency",
    "value": "PLN"
  },
  {
    "label": "due_date",
    "value": "2024-03-02"
  },
  {
    "label": "invoice_date",
    "value": "2024-02-02"
  },
  {
    "label": "account_id",
    "value": "5056547257"
  },
  {
    "label": "invoice_id",
    "value": "3633"
  },
  {
    "label": "net_amount",
    "value": "170.56"
  },
  {
    "label": "vat_amount",
    "value": "29.00"
  },
  {
    "label": "payment_id",
    "value": "1798901560"
  },
  {
    "label": "supplier_org_id",
    "value": "5600439020"
  }
]