[
  {
    "label": "total_amount",
    "value": "381.47"
  },
  {
    "label": "currency",
    "value": "DKK"
  },
  {
    "label": "due_date",
    "value": "2027-02-15"
  },
  {
    "label": "invoice_date",
    "value": "2027-01-23"
  },
  {
    "label": "account_id",
    "value": "9324868691"
  },
  {
    "label": "invoice_id",
    "value": "141"
  },
  {
    "label": "net_amount",
    "value": "326.04"
  },
  {
    "label": "vat_amount",
    "value": "55.43"
  },
  {
    "label": "payment_id",
    "value": "3562823780"
  },
  {
    "label": "supplier_org_id",
    "value": "4955276540"
  }
]