[
  {
    "label": "total_amount",
    "value": "450.68"
  },
  {
    "label": "currency",
    "value": "USD"
  },
  {
    "label": "due_date",
    "value": "2027-12-03"
  },
  {
    "label": "invoice_date",
    "value": "2027-11-16"
  },
  {
    "label": "account_id",
    "value": "3601973230"
  },
  {
    "label": "invoice_id",
    "value": "9954"
  },
  {
    "label": "net_amount",
    "value": "391.90"
  },
  {
    "label": "vat_amount",
    "value": "58.78"
  },
  {
    "label": "payment_id",
    "value": "8982467968"
  },
  {
    "label": "supplier_org_id",
    "value": "3424996298"
  }
]