[
  {
    "label": "total_amount",
    "value": "118.10"
  },
  {
    "label": "currency",
    "value": "DKK"
  },
  {
    "label": "due_date",
    "value": "2026-01-10"
  },
  {
    "label": "invoice_date",
    "value": "2025-12-26"
  },
  {
    "label": "account_id",
    "value": "6015382219"
  },
  {
    "label": "invoice_id",
    "value": "5513"
  },
  {
    "label": "net_amount",
    "value": "102.70"
  },
  {
    "label": "vat_amount",
    "value": "15.40"
  },
  {
    "label": "payment_id",
    "value": "7556737941"
  },
  {
    "label": "supplier_org_id",
    "value": "7921005543"
  }
]