[
  {
    "label": "total_amount",
    "value": "220.59"
  },
  {
    "label": "currency",
    "value": "SEK"
  },
  {
    "label": "due_date",
    "value": "2027-11-18"
  },
  {
    "label": "invoice_date",
    "value": "2027-10-13"
  },
  {
    "label": "account_id",
    "value": "8517699944"
  },
  {
    "label": "invoice_id",
    "value": "8281"
  },
  {
    "label": "net_amount",
    "value": "210.09"
  },
  {
    "label": "vat_amount",
    "value": "10.50"
  },
  {
    "label": "payment_id",
    "value": "7302173887"
  },
  {
    "label": "supplier_org_id",
    "value": "8781986740"
  }
]