[
  {
    "label": "total_amount",
    "value": "370.44"
  },
  {
    "label": "currency",
    "value": "DKK"
  },
  {
    "label": "due_date",
    "value": "2027-08-19"
  },
  {
    "label": "invoice_date",
    "value": "2027-07-17"
  },
  {
    "label": "account_id",
    "value": "5477649143"
  },
  {
    "label": "invoice_id",
    "value": "3167"
  },
  {
    "label": "net_amount",
    "value": "322.12"
  },
  {
    "label": "vat_amount",
    "value": "48.32"
  },
  {
    "label": "payment_id",
    "value": "3555133929"
  },
  {
    "label": "supplier_org_id",
    "value": "3394490016"
  }
]