[
  {
    "label": "total_amount",
    "value": "192.65"
  },
  {
    "label": "currency",
    "value": "USD"
  },
  {
    "label": "due_date",
    "value": "2027-01-21"
  },
  {
    "label": "invoice_date",
    "value": "2026-12-27"
  },
  {
    "label": "account_id",
    "value": "3484172739"
  },
  {
    "label": "invoice_id",
    "value": "5848"
  },
  {
    "label": "net_amount",
    "value": "183.48"
  },
  {
    "label": "vat_amount",
    "value": "9.17"
  },
  {
    "label": "payment_id",
    "value": "419734572"
  },
  {
    "label": "supplier_org_id",
    "value": "3700910825"
  }
]