[
  {
    "label": "total_amount",
    "value": "234.66"
  },
  {
    "label": "currency",
    "value": "PLN"
  },
  {
    "label": "due_date",
    "value": "2024-04-05"
  },
  {
    "label": "invoice_date",
    "value": "2024-03-15"
  },
  {
    "label": "account_id",
    "value": "5770964717"
  },
  {
    "label": "invoice_id",
    "value": "7899"
  },
  {
    "label": "net_amount",
    "value": "195.55"
  },
  {
    "label": "vat_amount",
    "value": "39.11"
  },
  {
    "label": "payment_id",
    "value": "9301892371"
  },
  {
    "label": "supplier_org_id",
    "value": "5993270030"
  }
]