[
  {
    "label": "total_amount",
    "value": "152.31"
  },
  {
    "label": "currency",
    "value": "PLN"
  },
  {
    "label": "due_date",
    "value": "2025-07-28"
  },
  {
    "label": "invoice_date",
    "value": "2025-07-13"
  },
  {
    "label": "account_id",
    "value": "2212042515"
  },
  {
    "label": "invoice_id",
    "value": "4177"
  },
  {
    "label": "net_amount",
    "value": "121.85"
  },
  {
    "label": "vat_amount",
    "value": "30.46"
  },
  {
    "label": "payment_id",
    "value": "5256518477"
  },
  {
    "label": "supplier_org_id",
    "value": "6845907848"
  }
]