[
  {
    "label": "total_amount",
    "value": "35.26"
  },
  {
    "label": "currency",
    "value": "USD"
  },
  {
    "label": "due_date",
    "value": "2023-01-28"
  },
  {
    "label": "invoice_date",
    "value": "2023-01-05"
  },
  {
    "label": "account_id",
    "value": "1123466754"
  },
  {
    "label": "invoice_id",
    "value": "5611"
  },
  {
    "label": "net_amount",
    "value": "33.58"
  },
  {
    "label": "vat_amount",
    "value": "1.68"
  },
  {
    "label": "payment_id",
    "value": "9900287628"
  },
  {
    "label": "supplier_org_id",
    "value": "9094653745"
  }
]