[
  {
    "label": "total_amount",
    "value": "17.23"
  },
  {
    "label": "currency",
    "value": "USD"
  },
  {
    "label": "due_date",
    "value": "2025-02-23"
  },
  {
    "label": "invoice_date",
    "value": "2025-02-04"
  },
  {
    "label": "account_id",
    "value": "1421723154"
  },
  {
    "label": "invoice_id",
    "value": "2674"
  },
  {
    "label": "net_amount",
    "value": "14.36"
  },
  {
    "label": "vat_amount",
    "value": "2.87"
  },
  {
    "label": "payment_id",
    "value": "6587070143"
  },
  {
    "label": "supplier_org_id",
    "value": "1715025572"
  }
]