[
  {
    "label": "total_amount",
    "value": "485.84"
  },
  {
    "label": "currency",
    "value": "DKK"
  },
  {
    "label": "due_date",
    "value": "2023-09-17"
  },
  {
    "label": "invoice_date",
    "value": "2023-08-12"
  },
  {
    "label": "account_id",
    "value": "1596506118"
  },
  {
    "label": "invoice_id",
    "value": "2641"
  },
  {
    "label": "net_amount",
    "value": "415.25"
  },
  {
    "label": "vat_amount",
    "value": "70.59"
  },
  {
    "label": "payment_id",
    "value": "4317946111"
  },
  {
    "label": "supplier_org_id",
    "value": "9843640229"
  }
]